ID,Year_Birth,Education,Marital_Status,Income,Kidhome,Teenhome,Dt_Customer,Recency,MntWines,MntFruits,MntMeatProducts,MntFishProducts,MntSweetProducts,MntGoldProds,NumDealsPurchases,NumWebPurchases,NumCatalogPurchases,NumStorePurchases,NumWebVisitsMonth,AcceptedCmp3,AcceptedCmp4,AcceptedCmp5,AcceptedCmp1,AcceptedCmp2,Complain,Z_CostContact,Z_Revenue,Response
5324,1981,PhD,Married,58293.0,1,0,19-01-2014,94,173,43,118,46,27,15,5,5,3,6,5,0,0,0,0,0,0,3,11,0
6177,1985,PhD,Married,33454.0,1,0,08-05-2013,32,76,10,56,3,1,23,2,4,0,4,8,0,0,0,0,0,0,3,11,0
2569,1987,Graduation,Married,17323.0,0,0,10-10-2012,38,3,14,17,6,1,5,1,1,0,3,8,0,0,0,0,0,0,3,11,0
2114,1946,PhD,Single,82800.0,0,0,24-11-2012,23,1006,22,115,59,68,45,1,7,6,12,3,0,0,1,1,0,0,3,11,1
6565,1949,Master,Married,76995.0,0,1,28-03-2013,91,1012,80,498,0,16,176,2,11,4,9,5,0,0,0,1,0,0,3,11,0
9360,1982,Graduation,Married,37040.0,0,0,08-08-2012,41,86,2,73,69,38,48,1,4,2,5,8,0,0,0,0,0,0,3,11,0
7892,1969,Graduation,Single,18589.0,0,0,02-01-2013,89,6,4,25,15,12,13,2,2,1,3,7,0,0,0,0,0,0,3,11,0
1966,1965,PhD,Married,84618.0,0,0,22-11-2013,96,684,100,801,21,66,0,1,6,9,10,2,0,0,1,0,0,0,3,11,0
4339,1970,PhD,Married,67353.0,0,1,31-12-2013,37,702,17,151,0,8,35,5,5,6,12,2,0,0,0,0,0,0,3,11,0
8430,1957,Graduation,Together,21994.0,0,1,24-12-2012,4,9,0,6,3,1,3,1,0,0,3,5,0,0,0,0,0,0,3,11,0
7281,1959,PhD,Single,,0,0,05-11-2013,80,81,11,50,3,2,39,1,1,3,4,2,0,0,0,0,0,0,3,11,0
1331,1977,Graduation,Single,35790.0,1,0,02-01-2013,54,12,6,20,30,1,3,2,2,0,3,7,0,0,0,0,0,0,3,11,0
6518,1951,PhD,Widow,67680.0,0,1,11-06-2013,8,546,0,48,0,6,6,1,7,3,8,5,0,0,0,0,0,0,3,11,0
1402,1954,Master,Married,66991.0,0,0,11-09-2012,1,496,36,460,189,60,12,3,4,8,6,3,0,0,0,0,0,0,3,11,0
10629,1973,2n Cycle,Married,,1,0,14-09-2012,25,25,3,43,17,4,17,3,3,0,3,8,0,0,0,0,0,0,3,11,0
7503,1976,Graduation,Single,75825.0,0,0,12-10-2012,40,1032,105,779,137,105,51,0,5,8,9,4,1,0,0,0,0,0,3,11,1
273,1970,Master,Married,36138.0,1,1,16-07-2013,48,130,0,16,0,0,5,5,3,1,4,7,0,1,0,0,0,0,3,11,0
5798,1973,Master,Together,,0,0,23-11-2013,87,445,37,359,98,28,18,1,2,4,8,1,0,0,0,0,0,0,3,11,0
11178,1972,Master,Single,42394.0,1,0,23-03-2014,69,15,2,10,0,1,4,1,1,0,3,7,0,0,0,0,0,0,3,11,0
7516,1983,Graduation,Married,30096.0,1,0,22-05-2014,30,5,3,11,12,5,9,1,2,0,3,6,0,0,0,0,0,0,3,11,0
7247,1960,Graduation,Widow,47916.0,0,1,22-11-2012,72,505,0,26,0,0,75,5,7,4,6,6,0,1,0,0,0,0,3,11,0
1473,1960,2n Cycle,Single,47823.0,0,1,23-07-2013,0,53,1,5,2,1,10,2,2,0,3,8,0,0,0,0,0,0,3,11,0
8373,1979,Basic,Together,24594.0,1,0,10-12-2013,94,1,3,6,10,0,9,1,1,0,3,5,0,0,0,0,0,0,3,11,0
10991,1960,Master,Married,89058.0,0,0,07-12-2012,18,454,194,106,31,22,43,1,5,4,4,2,0,0,0,0,0,0,3,11,0
3267,1963,Master,Together,57288.0,0,1,25-06-2014,27,527,0,21,0,0,60,3,8,1,8,6,0,1,0,0,0,0,3,11,0
9215,1980,PhD,Married,43974.0,1,0,12-12-2012,19,378,0,101,0,0,72,5,6,4,6,7,0,0,0,0,0,0,3,11,0
1592,1970,Graduation,Married,90765.0,0,0,24-01-2014,25,547,99,812,151,82,33,0,4,6,5,1,0,0,1,1,0,0,3,11,0
5234,1967,2n Cycle,Together,30753.0,1,1,11-07-2013,85,12,5,25,0,9,30,2,1,1,3,5,0,0,0,0,0,0,3,11,0
8442,1985,Master,Married,19510.0,2,0,04-09-2013,63,9,0,7,3,4,7,2,1,0,3,7,0,0,0,0,0,0,3,11,0
7386,1976,Graduation,Divorced,30992.0,1,0,22-04-2013,83,17,0,14,7,3,2,1,1,0,3,7,0,0,0,0,0,0,3,11,0
7215,1983,Graduation,Single,101970.0,0,0,12-03-2013,69,722,27,102,44,72,168,0,6,8,13,2,0,1,1,1,0,0,3,11,1
8268,1961,PhD,Married,,0,1,11-07-2013,23,352,0,27,10,0,15,3,6,1,7,6,0,0,0,0,0,0,3,11,0
11051,1956,PhD,Together,77376.0,1,1,10-05-2014,72,492,19,110,16,12,12,4,6,3,10,4,0,0,0,0,0,0,3,11,0
9597,1969,Graduation,Married,73448.0,0,0,10-02-2014,10,236,106,189,23,41,130,1,7,2,9,4,0,0,0,0,0,0,3,11,0
7660,1973,PhD,Alone,35860.0,1,1,19-05-2014,37,15,0,8,4,2,20,2,1,1,2,5,1,0,0,0,0,0,3,11,1
2937,1974,PhD,Single,68352.0,0,1,28-08-2013,47,614,16,132,43,33,33,3,8,5,9,6,0,0,0,0,0,0,3,11,0
9701,1988,Graduation,Together,41883.0,1,0,19-03-2013,13,32,34,41,73,16,116,3,4,2,3,7,0,0,0,0,0,0,3,11,0
9949,1976,Graduation,Married,59809.0,0,2,18-10-2012,36,598,16,141,32,41,49,3,3,3,6,8,0,0,0,0,0,0,3,11,0
3120,1981,Graduation,Together,38547.0,1,0,28-08-2013,49,6,1,10,0,1,4,1,1,0,2,8,0,0,0,0,0,1,3,11,0
3830,1953,Master,Married,59354.0,0,2,24-04-2014,59,295,21,78,39,13,13,1,4,4,7,3,0,0,0,0,0,0,3,11,0
7798,1972,2n Cycle,Together,46344.0,0,1,14-12-2012,28,233,20,57,8,20,91,4,7,1,5,7,0,0,0,0,0,0,3,11,0
92,1988,Graduation,Alone,34176.0,1,0,12-05-2014,12,5,7,24,19,14,20,4,3,0,4,6,0,0,0,0,0,0,3,11,0
10240,1949,Graduation,Together,69372.0,0,0,19-02-2013,10,997,26,269,34,13,42,1,10,4,6,4,0,1,1,0,0,0,3,11,1
9283,1978,Graduation,Single,60199.0,1,2,12-09-2013,49,8,1,7,2,0,0,1,0,0,3,4,0,0,0,0,0,0,3,11,0
8182,1984,Graduation,Married,23228.0,1,0,05-01-2014,91,53,3,49,7,4,5,4,3,0,4,8,0,0,0,0,0,0,3,11,0
6637,1988,Graduation,Single,66951.0,0,0,02-11-2013,46,277,162,305,173,76,124,1,3,4,7,1,0,0,0,0,0,0,3,11,0
6460,1982,Graduation,Married,28718.0,1,0,13-07-2013,78,12,4,6,11,8,16,2,2,0,3,8,0,0,0,0,0,0,3,11,0
1880,1959,PhD,Together,53537.0,1,1,30-01-2014,17,81,0,6,0,0,6,2,2,1,3,5,0,0,0,0,0,0,3,11,0
641,1967,Graduation,Single,52074.0,0,1,04-04-2014,77,59,0,12,0,0,48,1,2,2,2,4,1,0,0,0,0,0,3,11,0
6935,1951,2n Cycle,Married,78497.0,0,0,01-12-2013,44,207,26,447,75,0,223,1,5,7,12,2,0,0,0,1,0,0,3,11,0
10562,1946,Master,Married,66835.0,0,0,28-09-2013,21,620,26,195,34,17,141,1,6,4,13,2,0,0,0,0,0,0,3,11,0
10796,1984,Master,Married,30477.0,1,0,22-01-2014,16,47,1,6,0,0,12,1,1,1,3,6,0,0,0,0,0,0,3,11,0
2563,1961,Basic,Married,28249.0,0,0,15-06-2014,80,1,9,7,2,14,10,1,2,0,3,6,0,0,0,0,0,0,3,11,0
6999,1980,Master,Married,69661.0,0,0,13-05-2014,80,656,16,106,32,16,8,1,7,3,12,3,0,0,0,0,0,0,3,11,0
9938,1954,Graduation,Married,80067.0,0,0,19-09-2013,82,519,17,813,27,173,51,1,4,6,6,2,0,0,1,0,0,0,3,11,0
2798,1977,PhD,Together,102160.0,0,0,02-11-2012,54,763,29,138,76,176,58,0,7,9,10,4,0,1,1,1,0,0,3,11,1
6927,1968,PhD,Married,44377.0,1,1,05-10-2012,70,224,0,30,0,0,10,8,5,1,5,8,0,0,0,0,0,0,3,11,0
2877,1974,Master,Together,46014.0,1,1,21-01-2013,21,410,0,59,19,9,44,10,7,1,8,7,0,0,0,0,0,0,3,11,0
0,1985,Graduation,Married,70951.0,0,0,04-05-2013,66,239,10,554,254,87,54,1,3,4,9,1,0,0,0,0,0,0,3,11,0
6274,1948,Master,Married,83790.0,0,0,15-11-2013,81,1076,16,417,42,48,16,1,8,10,6,3,0,1,1,0,0,0,3,11,0
454,1980,Graduation,Together,69508.0,1,0,14-11-2012,48,824,32,162,42,32,43,2,11,4,11,6,0,0,0,0,0,0,3,11,0
2075,1969,Graduation,Married,72460.0,0,0,14-11-2013,56,377,10,540,80,30,10,1,3,5,7,1,0,0,0,0,0,0,3,11,0
4785,1970,PhD,Together,77622.0,0,2,14-04-2014,3,520,7,154,19,0,14,2,6,3,11,3,0,0,0,0,0,0,3,11,0
4653,1978,Graduation,Together,42011.0,1,0,26-03-2013,46,131,0,16,2,1,39,4,3,1,4,8,0,0,0,0,0,0,3,11,0
6798,1966,Graduation,Single,37070.0,1,1,20-03-2013,30,231,7,137,4,15,39,9,5,1,8,7,0,0,0,0,0,0,3,11,1
1606,1971,Graduation,Together,38590.0,1,0,15-05-2013,65,3,1,8,4,3,3,1,1,0,2,8,0,0,0,0,0,0,3,11,0
89,1975,2n Cycle,Married,22212.0,1,0,09-12-2013,49,5,9,20,6,8,21,2,2,0,4,6,0,0,0,0,0,0,3,11,0
313,1968,Graduation,Widow,73455.0,0,0,28-10-2013,98,901,61,757,186,163,20,1,6,5,10,3,0,1,0,0,0,0,3,11,0
9529,1990,Graduation,Married,73687.0,0,0,28-11-2013,8,559,153,503,218,13,181,1,3,9,9,2,0,0,0,1,0,0,3,11,1
2176,1972,Graduation,Married,80134.0,1,0,20-05-2013,40,1218,16,272,104,0,80,2,5,3,6,6,0,1,1,1,0,0,3,11,1
9265,1953,Graduation,Married,75027.0,0,1,09-01-2013,74,925,64,179,133,12,77,2,9,4,6,5,0,0,0,0,0,0,3,11,0
8932,1969,Master,Together,65176.0,0,1,29-10-2012,57,960,28,183,220,70,70,4,9,6,6,6,0,0,0,0,0,0,3,11,0
10089,1974,Graduation,Divorced,102692.0,0,0,05-04-2013,5,168,148,444,32,172,148,1,6,9,13,2,0,1,1,1,1,0,3,11,1
2227,1958,2n Cycle,Together,26490.0,0,0,22-09-2012,92,45,47,52,21,20,25,2,3,1,5,6,0,0,0,0,0,0,3,11,0
10992,1967,Graduation,Together,75702.0,1,1,29-08-2012,77,650,28,353,45,42,30,5,4,6,11,8,0,0,0,0,0,0,3,11,0
1184,1968,PhD,Divorced,69674.0,0,2,22-05-2013,46,554,41,215,11,0,24,3,10,2,10,5,0,0,0,0,0,0,3,11,0
9396,1978,PhD,Married,37717.0,1,0,23-11-2012,31,9,0,6,4,1,5,1,1,0,2,9,0,0,0,0,0,0,3,11,0
1225,1963,Graduation,Married,80124.0,0,0,26-06-2014,47,483,84,398,205,84,241,1,3,7,8,1,1,0,0,0,0,0,3,11,0
4557,1970,Graduation,Together,22070.0,1,0,04-10-2013,11,10,7,19,8,2,21,2,2,2,2,6,0,0,0,0,0,0,3,11,0
5726,1983,Master,Single,31788.0,1,0,20-03-2014,15,16,7,23,0,8,6,3,3,0,4,5,0,0,0,0,0,1,3,11,0
3066,1975,PhD,Together,61905.0,0,1,04-02-2014,2,167,0,43,6,2,13,2,4,2,4,5,0,0,0,0,0,0,3,11,0
6336,1960,Graduation,Married,29315.0,1,1,06-04-2014,55,13,2,14,8,7,4,4,2,0,4,6,0,0,0,0,0,0,3,11,0
8148,1956,Master,Together,50898.0,1,1,08-01-2013,88,285,28,242,55,114,135,13,6,2,12,5,0,0,0,0,0,0,3,11,0
9262,1984,2n Cycle,Together,32414.0,0,0,04-07-2013,11,20,6,5,0,9,12,1,1,0,3,7,1,0,0,0,0,0,3,11,0
2874,1988,2n Cycle,Divorced,35388.0,1,0,07-03-2013,20,6,4,7,4,3,8,1,1,0,3,7,0,0,0,0,0,0,3,11,0
2437,1989,Graduation,Married,,0,0,03-06-2013,69,861,138,461,60,30,61,1,6,5,12,3,0,1,0,1,0,0,3,11,0
6320,1976,Master,Single,70893.0,0,0,06-02-2013,42,768,44,561,77,44,14,1,6,6,10,3,0,0,0,0,0,0,3,11,0
2392,1972,Graduation,Married,40321.0,1,1,29-07-2013,59,44,4,21,6,0,27,2,3,0,3,7,0,0,0,0,0,0,3,11,0
9478,1985,Graduation,Single,66503.0,1,0,14-08-2012,30,91,64,128,65,3,50,2,4,3,6,3,0,0,0,0,0,0,3,11,0
2863,1970,Graduation,Single,,1,2,23-08-2013,67,738,20,172,52,50,20,6,2,3,10,7,0,1,0,1,0,0,3,11,0
2607,1953,Graduation,Single,40464.0,0,1,11-01-2013,78,424,17,118,7,23,41,6,8,2,8,8,0,0,0,0,0,0,3,11,0
3896,1984,Graduation,Married,27255.0,1,0,07-11-2013,3,22,1,11,0,1,2,1,1,0,3,7,0,0,0,0,0,0,3,11,0
10350,1950,PhD,Married,54432.0,2,1,09-05-2013,37,33,0,5,0,0,0,1,1,0,3,4,0,0,0,0,0,0,3,11,0
2521,1971,Master,Married,35178.0,1,0,10-01-2013,10,23,1,13,2,2,18,1,1,1,2,7,1,0,0,0,0,0,3,11,1
9592,1983,Graduation,Together,22010.0,1,0,30-06-2013,51,11,2,9,3,0,8,2,2,0,3,8,0,0,0,0,0,0,3,11,0
4099,1972,Graduation,Married,30675.0,1,0,12-11-2012,14,10,2,16,11,2,21,1,1,0,3,8,0,0,0,0,0,0,3,11,0
9560,1965,Graduation,Together,83003.0,0,0,03-03-2013,18,856,61,570,40,25,122,1,7,6,8,3,0,0,1,0,0,0,3,11,1
9707,1969,PhD,Married,55212.0,0,1,23-11-2012,65,1103,0,45,0,0,34,3,4,2,11,8,0,1,0,0,1,0,3,11,0
6245,1950,PhD,Together,59292.0,0,1,13-06-2013,71,378,14,68,19,14,14,2,3,5,8,3,0,0,0,0,0,0,3,11,0
8234,1973,Basic,Together,27190.0,1,0,15-08-2013,13,1,6,7,0,1,3,1,1,0,2,8,1,0,0,0,0,0,3,11,1
8553,1965,Graduation,Married,44300.0,1,1,23-06-2013,65,30,0,9,0,0,3,2,1,0,3,6,0,0,0,0,0,0,3,11,0
9185,1966,PhD,Single,69759.0,0,0,28-10-2013,38,452,20,514,13,30,0,3,4,6,5,3,0,0,0,0,0,0,3,11,1
2061,1955,Graduation,Married,50737.0,0,1,11-05-2013,61,78,0,11,0,0,10,1,2,0,4,6,0,1,0,0,0,0,3,11,0
6184,1969,PhD,Married,68462.0,0,0,12-12-2012,6,561,64,785,84,128,48,1,3,3,8,1,0,0,0,0,0,0,3,11,0
7274,1957,Graduation,Married,78618.0,0,0,28-09-2012,87,736,163,818,212,163,61,1,4,7,10,2,0,1,0,0,0,0,3,11,0
2958,1978,Graduation,Married,28442.0,2,0,24-02-2014,53,19,3,10,11,8,6,3,2,1,4,4,0,0,0,0,0,0,3,11,0
10704,1969,Graduation,Single,54803.0,0,1,21-08-2012,65,404,0,92,28,27,142,2,6,2,9,4,0,0,0,0,0,0,3,11,0
10313,1975,Graduation,Married,48178.0,1,1,28-10-2012,69,159,4,45,6,2,38,6,5,1,4,8,0,0,0,0,0,0,3,11,0
1245,1966,Graduation,Single,63810.0,0,1,11-11-2012,45,977,12,253,16,12,101,4,4,3,12,8,0,1,0,0,0,0,3,11,0
1726,1970,Graduation,Single,22585.0,0,0,18-03-2013,23,3,9,15,13,2,39,1,1,1,2,9,1,0,0,0,0,0,3,11,1
4459,1989,Graduation,Single,30279.0,1,0,30-12-2012,13,10,4,14,4,4,1,1,1,0,3,8,0,0,0,0,0,0,3,11,0
1729,1961,PhD,Together,66426.0,0,1,02-10-2013,14,1043,24,97,32,24,157,2,3,5,10,6,0,0,0,0,0,0,3,11,0
1517,1969,Graduation,Single,30822.0,1,0,14-06-2013,92,3,9,13,2,12,12,1,1,0,3,7,0,0,0,0,0,0,3,11,0
5642,1979,Master,Together,62499.0,1,0,09-12-2013,0,140,4,61,0,13,4,2,3,1,6,4,0,0,0,0,0,0,3,11,0
7683,1968,Master,Married,70777.0,0,1,25-02-2014,80,554,35,113,0,7,78,3,5,3,12,3,0,0,0,0,0,0,3,11,0
6354,1984,Graduation,Together,15345.0,1,0,31-08-2012,51,5,2,16,3,2,19,2,1,1,2,8,0,0,0,0,0,0,3,11,1
7617,1974,Graduation,Single,42373.0,1,1,15-08-2013,83,67,5,61,3,8,19,5,2,1,5,5,0,0,0,0,0,0,3,11,0
194,1965,Graduation,Married,48006.0,1,1,09-06-2014,55,23,0,11,3,2,2,1,1,0,3,6,0,0,0,0,0,0,3,11,0
7301,1982,2n Cycle,Single,23616.0,1,0,17-11-2012,76,4,22,11,3,7,32,2,3,0,3,8,0,0,0,0,0,0,3,11,1
10882,1976,Graduation,Married,53858.0,0,1,09-11-2012,50,407,53,221,58,150,26,4,4,3,6,4,0,0,0,0,0,0,3,11,0
7030,1955,PhD,Married,66465.0,0,1,30-03-2013,1,1200,0,204,38,29,14,3,11,9,12,6,0,0,0,1,0,0,3,11,0
7422,1987,Graduation,Single,46923.0,1,0,22-08-2012,90,85,44,54,102,78,6,3,5,1,7,7,0,0,0,0,0,0,3,11,0
5067,1994,Graduation,Together,80134.0,0,0,14-02-2014,11,966,26,282,52,26,26,1,2,7,11,5,0,1,1,1,1,0,3,11,0
1361,1974,Master,Married,82584.0,0,0,04-06-2013,26,1076,68,103,29,91,68,1,3,4,8,1,0,1,1,0,0,0,3,11,1
3767,1968,Graduation,Married,61314.0,0,1,25-04-2013,1,378,0,189,97,172,172,2,5,5,12,3,0,0,0,0,0,0,3,11,0
4324,1989,Graduation,Married,42387.0,1,0,29-10-2012,42,235,0,235,19,4,191,5,8,1,7,8,0,0,0,0,0,0,3,11,0
5455,1971,PhD,Married,32011.0,1,0,22-08-2013,89,99,0,15,2,1,5,3,2,1,4,7,0,0,0,0,0,0,3,11,0
5012,1989,Graduation,Married,28691.0,1,0,04-07-2013,56,5,4,13,8,0,4,1,1,0,3,8,0,0,0,0,0,0,3,11,0
2276,1955,Graduation,Single,57959.0,0,1,02-05-2013,71,430,16,322,43,24,33,5,4,7,11,3,0,0,0,0,0,0,3,11,0
2807,1969,Graduation,Married,56796.0,0,1,16-02-2013,24,656,38,161,62,47,37,3,8,9,7,7,0,0,0,0,0,0,3,11,0
6233,1976,Graduation,Married,65991.0,0,1,07-09-2012,21,507,19,364,25,47,9,3,9,5,10,7,0,0,0,0,0,0,3,11,0
7851,1949,Graduation,Widow,70165.0,0,0,22-09-2013,60,161,0,253,199,191,122,1,3,7,11,1,0,0,0,0,0,0,3,11,0
2416,1969,PhD,Single,66582.0,0,0,03-03-2014,83,789,25,420,16,38,0,1,2,8,9,1,0,0,0,0,0,0,3,11,0
9213,1970,Graduation,Widow,31880.0,1,0,31-10-2012,13,4,1,5,2,0,3,1,1,0,2,8,0,0,0,0,0,0,3,11,0
3916,1971,PhD,Together,49269.0,1,0,15-08-2012,92,639,8,166,11,8,58,3,7,3,12,7,0,0,0,0,0,0,3,11,0
178,1956,Graduation,Married,62503.0,0,1,18-02-2013,40,478,0,193,110,75,117,4,8,3,11,5,0,0,0,0,0,0,3,11,0
916,1972,PhD,Single,41644.0,1,1,09-05-2014,67,20,3,4,2,0,2,2,1,0,3,3,0,0,0,0,0,0,3,11,0
3436,1969,Graduation,Married,14045.0,1,0,26-01-2014,24,11,0,5,2,1,1,1,1,0,3,7,0,0,0,0,0,0,3,11,0
3921,1952,2n Cycle,Widow,28457.0,0,0,28-10-2012,96,24,1,108,29,29,14,1,4,1,4,8,0,0,0,0,0,0,3,11,0
11088,1971,PhD,Together,78642.0,0,1,21-04-2013,83,1396,0,322,46,35,17,1,4,9,4,6,0,0,0,0,0,0,3,11,0
466,1944,Graduation,Married,65275.0,0,0,03-04-2013,9,388,14,218,91,14,21,1,4,3,13,2,0,0,0,0,0,0,3,11,0
9135,1950,Graduation,Together,27203.0,1,1,06-08-2012,92,13,2,21,4,0,24,2,1,1,2,8,0,0,0,0,0,0,3,11,0
10623,1961,Master,Together,48330.0,0,1,15-11-2013,2,28,0,4,0,0,0,1,1,0,3,5,0,0,0,0,0,0,3,11,0
4945,1953,Graduation,Widow,53653.0,0,0,07-11-2012,29,815,10,239,28,10,108,2,10,4,12,6,0,0,0,0,0,0,3,11,0
10584,1976,Graduation,Married,65665.0,0,1,02-12-2013,77,225,162,387,106,36,29,1,5,10,8,3,0,0,0,0,0,0,3,11,0
4320,1979,Graduation,Single,60152.0,0,1,28-03-2013,6,325,83,300,86,58,91,1,6,4,12,3,0,0,0,0,0,0,3,11,0
182,1946,PhD,Together,44124.0,0,1,11-05-2013,62,284,0,55,0,6,52,4,6,2,5,8,0,0,0,0,0,0,3,11,0
203,1975,Master,Single,81169.0,0,0,14-04-2013,47,1288,20,613,80,61,27,1,5,7,9,2,0,0,0,0,0,0,3,11,0
10203,1990,Graduation,Single,26095.0,1,0,30-06-2013,77,11,7,9,3,1,11,1,1,0,3,7,0,0,0,0,0,0,3,11,0
4607,1959,Graduation,Together,71367.0,0,0,23-08-2013,24,227,23,389,42,21,75,1,4,5,7,2,0,0,0,0,0,0,3,11,0
3711,1944,Master,Married,80184.0,0,0,01-03-2014,19,1035,134,670,25,38,0,1,6,3,10,3,0,0,1,1,0,0,3,11,0
9214,1991,Graduation,Married,42691.0,0,0,16-08-2013,48,179,2,64,38,17,58,1,5,1,6,5,0,0,0,0,0,0,3,11,0
35,1987,Graduation,Married,25545.0,1,0,08-09-2012,35,32,1,64,16,12,85,3,2,2,3,6,0,0,0,0,0,0,3,11,1
4322,1958,PhD,Together,77863.0,0,0,27-11-2013,20,881,38,319,16,25,12,1,4,5,10,2,0,0,0,0,0,0,3,11,0
4769,1977,Master,Together,57954.0,1,1,18-06-2014,52,456,4,24,0,0,9,7,8,2,6,7,0,1,0,0,0,0,3,11,0
4437,1962,Graduation,Married,65316.0,1,1,24-04-2013,65,112,6,92,3,9,38,2,3,2,5,4,0,0,0,0,0,0,3,11,0
304,1981,Master,Single,22944.0,1,0,23-12-2013,67,19,3,19,4,5,26,3,3,0,3,7,0,0,0,0,0,0,3,11,0
3665,1977,2n Cycle,Together,25315.0,1,0,07-11-2013,46,1,9,8,11,3,22,3,3,0,3,8,0,0,0,0,0,0,3,11,0
5036,1984,PhD,Single,42710.0,1,0,28-11-2012,38,252,3,42,4,3,102,2,4,5,3,6,0,0,0,0,0,0,3,11,0
7822,1976,Graduation,Together,54058.0,0,1,04-06-2013,56,198,18,252,32,108,54,2,4,6,8,3,0,0,0,0,0,0,3,11,0
8541,1990,2n Cycle,Married,24683.0,1,0,08-03-2014,98,8,4,10,6,7,6,2,2,0,4,5,0,0,0,0,0,0,3,11,0
5371,1989,Graduation,Single,21474.0,1,0,08-04-2014,0,6,16,24,11,0,34,2,3,1,2,7,1,0,0,0,0,0,3,11,1
9240,1971,PhD,Single,60504.0,0,1,07-02-2014,73,458,0,24,6,4,34,2,6,2,8,6,0,0,0,0,0,0,3,11,0
9780,1971,Master,Together,71499.0,0,1,25-06-2013,12,465,25,132,136,0,37,2,8,3,13,4,0,0,0,0,0,0,3,11,0
10232,1963,PhD,Divorced,48799.0,0,1,05-11-2013,9,174,18,81,28,6,24,3,3,2,7,3,0,0,0,0,0,0,3,11,0
4184,1950,PhD,Together,52157.0,0,1,07-06-2014,48,189,2,29,3,2,40,2,3,2,5,4,0,0,0,0,0,0,3,11,0
9120,1962,Graduation,Single,66565.0,0,1,05-12-2012,80,747,10,161,65,40,42,4,4,2,9,8,0,0,0,0,0,0,3,11,0
5966,1974,PhD,Married,45207.0,1,1,10-11-2012,64,203,0,10,0,0,2,5,3,1,6,6,0,1,0,0,0,0,3,11,0
5123,1951,Master,Married,27450.0,0,0,15-04-2013,57,37,12,23,8,11,52,1,2,1,3,7,0,0,0,0,0,0,3,11,0
254,1955,Graduation,Together,53863.0,0,1,17-05-2014,4,399,4,30,6,4,30,3,7,1,7,7,0,1,0,0,0,0,3,11,0
3710,1984,PhD,Single,39684.0,1,0,12-10-2012,41,19,0,35,6,4,17,2,2,1,2,7,0,0,0,0,0,1,3,11,1
7627,1975,Master,Married,92163.0,0,0,12-12-2012,25,817,183,797,106,163,20,0,5,11,5,2,0,0,1,1,0,0,3,11,1
10277,1961,Graduation,Single,30081.0,0,1,21-02-2013,27,36,0,2,0,0,4,1,1,0,3,7,0,0,0,0,0,0,3,11,0
2453,1960,Graduation,Together,62807.0,0,1,31-08-2012,83,526,28,135,10,21,99,3,5,3,12,5,0,0,0,0,0,0,3,11,0
7141,1986,Master,Single,21888.0,1,0,29-12-2012,15,88,10,46,2,3,64,4,5,1,2,10,0,0,0,0,0,0,3,11,1
7232,1973,Graduation,Widow,42429.0,0,1,11-02-2014,99,55,0,6,2,0,4,2,1,1,3,5,0,0,0,0,0,0,3,11,0
988,1965,Graduation,Married,81168.0,0,0,07-05-2014,84,410,0,592,147,22,22,1,6,4,7,3,0,0,0,1,0,0,3,11,0
7930,1969,Master,Single,26877.0,0,0,19-08-2013,74,101,13,76,20,18,40,2,3,1,6,6,0,0,0,0,0,0,3,11,0
4587,1944,Master,Widow,45006.0,0,0,18-07-2013,90,162,25,53,16,0,10,1,3,1,7,3,0,0,0,0,0,0,3,11,0
1503,1976,PhD,Together,162397.0,1,1,03-06-2013,31,85,1,16,2,1,2,0,0,0,1,1,0,0,0,0,0,0,3,11,0
8650,1978,Graduation,Widow,54162.0,1,1,18-03-2013,31,5,6,10,6,5,10,1,1,0,3,4,0,0,0,0,0,0,3,11,0
6941,1971,Graduation,Single,31632.0,0,0,14-07-2013,92,17,8,12,11,15,32,1,2,1,2,7,0,0,0,0,0,0,3,11,0
6583,1955,2n Cycle,Married,72635.0,0,0,03-06-2013,54,390,22,323,104,35,107,1,6,8,6,3,0,0,0,1,0,0,3,11,0
10156,1975,Graduation,Single,84196.0,0,1,03-06-2013,56,215,63,507,231,31,190,1,8,4,7,3,0,0,0,0,0,0,3,11,0
4376,1960,2n Cycle,Single,32218.0,0,0,15-02-2014,27,10,24,15,13,1,30,1,2,1,3,7,1,0,0,0,0,0,3,11,1
944,1962,Graduation,Married,56181.0,0,1,08-01-2013,6,121,103,69,8,44,48,1,4,2,7,4,0,0,0,0,0,0,3,11,0
4381,1971,PhD,Married,46463.0,1,1,18-08-2013,56,163,2,40,8,11,11,7,3,1,6,6,0,0,0,0,0,0,3,11,0
4679,1977,Master,Married,78710.0,0,1,23-05-2014,42,721,0,152,119,50,50,3,7,6,12,4,0,0,0,0,0,0,3,11,0
6728,1985,Graduation,Together,29103.0,1,0,27-08-2012,38,16,0,17,6,3,6,2,1,0,3,9,0,0,0,0,0,0,3,11,0
6661,1974,Graduation,Married,67445.0,0,1,12-08-2012,63,757,80,217,29,80,11,5,9,6,12,6,0,0,0,0,0,0,3,11,0
2564,1953,Graduation,Together,61278.0,0,1,04-01-2014,87,111,3,28,2,6,15,2,3,1,4,6,0,0,0,0,0,0,3,11,0
946,1958,2n Cycle,Together,26490.0,0,0,22-09-2012,92,45,47,52,21,20,25,2,3,1,5,6,0,0,0,0,0,0,3,11,0
3867,1947,PhD,Together,73059.0,0,1,31-08-2013,36,410,112,420,0,82,71,1,9,3,13,4,0,0,0,0,0,0,3,11,0
10826,1959,Graduation,Married,18690.0,0,0,28-12-2012,77,6,1,7,23,4,19,1,1,1,2,8,0,0,0,0,0,0,3,11,0
1987,1987,Basic,Single,21063.0,1,0,25-09-2013,34,1,10,11,19,3,15,2,2,0,3,6,0,0,0,0,0,0,3,11,0
11007,1968,PhD,Married,29187.0,1,0,09-05-2013,43,26,0,6,0,0,2,1,1,0,3,8,0,0,0,0,0,0,3,11,0
4673,1963,PhD,Married,81300.0,0,1,30-10-2012,17,1004,12,145,32,12,36,3,10,3,5,5,0,0,0,1,0,0,3,11,1
9937,1979,Graduation,Single,70337.0,0,0,02-01-2014,75,187,81,149,25,43,91,1,2,2,12,1,0,0,0,0,0,0,3,11,0
4910,1967,Graduation,Divorced,68743.0,0,0,30-08-2012,81,1132,134,384,175,134,115,1,11,5,13,7,0,0,0,0,0,0,3,11,0
6327,1967,Graduation,Together,65777.0,0,0,19-12-2013,87,565,32,435,28,32,54,1,2,8,6,1,0,0,0,0,0,0,3,11,0
1501,1982,PhD,Married,160803.0,0,0,04-08-2012,21,55,16,1622,17,3,4,15,0,28,1,0,0,0,0,0,0,0,3,11,0
7279,1969,PhD,Together,69476.0,0,0,30-09-2013,3,260,86,559,63,9,67,1,4,6,4,2,0,0,0,0,0,0,3,11,0
7230,1960,PhD,Divorced,50611.0,0,1,04-10-2012,98,459,0,24,6,0,4,6,4,5,7,6,0,1,0,0,0,0,3,11,1
143,1970,Graduation,Single,61209.0,0,0,25-08-2013,73,466,0,224,119,49,99,1,5,3,4,2,0,0,0,0,0,0,3,11,0
9239,1961,Master,Married,61923.0,0,2,26-07-2013,94,92,4,18,3,3,6,1,2,1,4,3,0,0,0,0,0,0,3,11,0
8315,1995,Graduation,Single,34824.0,0,0,26-03-2014,65,4,2,11,2,0,4,1,1,0,2,6,0,0,0,0,0,0,3,11,0
968,1968,Master,Divorced,41335.0,1,0,26-12-2013,24,112,19,21,16,14,5,3,4,1,4,7,0,0,0,0,0,0,3,11,0
4472,1970,PhD,Divorced,35682.0,1,0,27-06-2014,34,23,0,8,6,2,18,1,1,1,3,2,0,0,0,0,0,0,3,11,0
6969,1982,Graduation,Together,50272.0,1,0,07-08-2013,75,99,13,66,43,8,4,3,4,1,5,7,0,0,0,0,0,0,3,11,0
10479,1975,PhD,Married,76618.0,0,0,07-12-2012,64,749,40,294,121,160,147,1,3,2,5,1,0,0,0,0,0,0,3,11,0
3619,1960,2n Cycle,Divorced,87305.0,0,0,23-09-2012,19,345,25,501,63,138,80,1,5,3,8,2,0,0,1,0,0,0,3,11,1
1715,1978,Graduation,Together,25851.0,1,0,11-02-2013,45,9,4,18,7,5,5,2,2,0,3,7,0,0,0,0,0,0,3,11,0
4990,1954,Graduation,Married,59111.0,0,0,02-05-2013,90,524,0,134,28,28,155,1,11,1,8,7,0,0,0,0,0,0,3,11,0
4329,1984,PhD,Married,18988.0,1,0,23-05-2014,43,6,0,6,2,1,1,2,1,0,3,7,0,0,0,0,0,0,3,11,0
437,1976,Master,Divorced,75012.0,0,0,25-01-2014,41,294,142,218,164,58,151,1,3,8,11,1,0,0,0,0,0,0,3,11,0
11171,1965,Master,Married,56962.0,2,1,11-10-2013,60,292,3,77,10,3,26,7,6,3,5,7,0,0,0,0,0,0,3,11,0
9384,1978,Graduation,Married,66373.0,1,1,12-06-2013,57,328,9,124,12,24,109,7,4,2,10,3,0,0,0,0,0,0,3,11,0
10430,1973,Graduation,Divorced,89694.0,1,1,09-10-2013,22,1126,28,211,37,28,42,3,4,3,4,5,0,1,1,1,0,0,3,11,0
6516,1989,Basic,Married,17487.0,1,0,18-03-2013,37,0,0,1,7,4,6,1,1,0,2,7,0,0,0,0,0,0,3,11,0
5682,1953,PhD,Single,64108.0,0,1,23-03-2013,8,948,10,86,13,21,21,4,6,9,11,5,0,0,0,0,0,0,3,11,0
7761,1978,2n Cycle,Together,38702.0,1,0,01-08-2013,71,13,11,24,13,8,40,2,3,0,4,6,0,0,0,0,0,0,3,11,0
10548,1995,Graduation,Single,71163.0,0,0,09-03-2014,30,283,17,372,138,106,44,1,3,8,12,1,0,0,0,0,0,0,3,11,0
7938,1958,PhD,Together,51518.0,0,1,03-10-2013,92,350,8,66,17,4,4,2,3,2,10,3,0,0,0,0,0,0,3,11,0
3667,1969,Graduation,Married,80952.0,0,0,28-02-2013,20,778,178,689,41,27,44,1,8,5,11,8,0,1,1,1,0,0,3,11,1
4012,1972,PhD,Together,62220.0,0,1,11-08-2012,55,799,12,375,16,12,12,5,7,6,5,6,0,0,0,0,0,0,3,11,1
10470,1979,Master,Married,40662.0,1,0,15-03-2013,0,40,2,23,0,4,23,2,2,1,3,4,0,0,0,0,0,0,3,11,0
6406,1988,Master,Married,78285.0,0,0,28-10-2013,13,647,107,391,175,67,40,1,6,4,10,3,0,0,0,0,0,0,3,11,0
10582,1979,Graduation,Married,72063.0,0,1,03-07-2013,3,180,32,348,76,32,90,2,5,2,12,2,0,0,0,0,0,0,3,11,0
6825,1953,Graduation,Together,41452.0,1,1,06-03-2013,86,13,0,3,0,0,0,1,1,0,2,7,0,0,0,0,0,0,3,11,0
10839,1976,Graduation,Together,36283.0,1,1,14-04-2014,42,6,5,5,8,0,5,2,1,0,3,4,0,0,0,0,0,0,3,11,0
4290,1972,Graduation,Married,30467.0,1,0,19-03-2014,8,1,3,8,2,5,5,1,1,0,2,7,0,0,0,0,0,0,3,11,0
10219,1972,Graduation,Together,31590.0,1,0,18-06-2013,40,6,2,15,6,6,3,1,1,0,3,8,0,0,0,0,0,0,3,11,0
6299,1968,PhD,Divorced,42564.0,0,1,02-01-2013,28,324,48,186,39,18,198,6,6,8,4,7,1,0,0,0,0,0,3,11,1
3479,1950,Graduation,Single,16813.0,0,0,19-07-2013,49,4,8,11,12,2,13,1,2,0,3,7,1,0,0,0,0,0,3,11,0
4442,1961,Graduation,Single,46524.0,0,1,05-04-2013,70,31,19,35,26,14,52,2,1,1,5,3,0,0,0,0,0,0,3,11,0
199,1962,Master,Single,45183.0,0,0,20-01-2013,33,219,3,60,12,9,12,1,4,1,7,7,0,1,0,0,0,0,3,11,0
6722,1954,PhD,Married,70421.0,0,1,28-06-2014,98,479,28,136,75,14,35,3,10,3,7,6,0,0,0,0,0,0,3,11,0
9930,1944,PhD,Single,82716.0,0,0,05-11-2013,8,606,148,228,15,148,22,1,6,8,13,2,0,0,0,0,0,0,3,11,0
4599,1976,Master,Married,49681.0,0,2,04-11-2013,66,411,0,26,0,0,21,6,7,1,7,7,0,0,0,0,0,0,3,11,0
7326,1971,Master,Married,56850.0,0,1,23-03-2014,83,34,1,19,2,7,0,1,1,1,3,2,0,0,0,0,0,0,3,11,0
5585,1972,Graduation,Single,21359.0,1,0,20-04-2013,1,12,2,17,6,1,10,2,2,0,3,8,0,0,0,0,0,0,3,11,1
6303,1986,PhD,Together,91820.0,0,0,23-11-2013,72,410,73,747,76,161,30,0,5,5,12,1,0,0,0,0,0,0,3,11,0
3900,1972,Graduation,Married,65685.0,0,1,29-03-2014,54,642,14,49,0,7,57,1,9,2,9,5,0,0,0,0,0,0,3,11,0
1,1961,Graduation,Single,57091.0,0,0,15-06-2014,0,464,5,64,7,0,37,1,7,3,7,5,0,0,0,0,1,0,3,11,1
3321,1967,PhD,Together,56575.0,0,2,05-05-2013,42,421,5,90,0,16,10,3,7,3,7,5,0,0,0,0,0,0,3,11,0
9904,1956,Graduation,Married,71391.0,0,1,29-03-2013,50,336,123,274,46,123,141,5,6,5,12,3,0,0,0,0,0,0,3,11,0
6141,1972,Master,Single,49494.0,1,0,25-04-2013,46,191,9,97,0,6,82,2,6,1,5,7,0,0,0,0,0,0,3,11,0
5687,1980,Graduation,Divorced,81702.0,0,0,23-09-2012,98,563,50,774,28,31,187,1,7,7,12,3,0,0,0,0,0,0,3,11,0
10856,1980,2n Cycle,Single,45889.0,0,1,02-07-2013,42,31,0,6,0,1,8,1,1,0,3,6,0,0,0,0,0,0,3,11,0
11121,1981,Graduation,Married,19419.0,1,0,10-11-2012,76,2,14,28,16,3,7,4,4,0,3,9,0,0,0,0,0,0,3,11,0
5332,1960,2n Cycle,Married,82504.0,0,0,27-07-2013,2,362,50,431,134,35,54,1,3,6,7,1,0,0,0,0,0,0,3,11,0
2895,1963,Graduation,Single,49980.0,0,1,23-10-2013,79,104,1,54,13,9,14,2,3,1,5,5,0,0,0,0,0,0,3,11,0
7848,1974,Graduation,Single,49166.0,0,1,13-06-2013,17,224,2,25,7,0,110,2,5,3,3,6,0,0,0,0,0,0,3,11,0
4877,1973,Master,Married,38576.0,0,1,04-03-2014,2,34,0,7,0,0,0,1,1,0,3,7,0,0,0,0,0,0,3,11,0
9553,1987,Graduation,Married,7500.0,0,0,09-01-2013,94,0,2,3,4,1,5,1,0,0,3,6,0,0,0,0,0,0,3,11,0
2036,1973,PhD,Together,57906.0,0,1,11-06-2013,29,243,11,119,10,3,15,3,4,2,8,4,0,0,0,0,0,0,3,11,0
2447,1979,Graduation,Together,30545.0,1,0,17-10-2012,71,4,12,15,19,7,12,2,2,0,3,7,0,0,0,0,0,0,3,11,0
9353,1959,Graduation,Single,62450.0,0,1,06-01-2014,61,515,47,267,62,66,38,2,5,5,4,3,0,1,0,0,0,0,3,11,0
738,1981,2n Cycle,Single,42395.0,1,1,04-04-2014,35,48,13,57,24,15,25,4,3,1,4,7,0,0,0,0,0,0,3,11,0
4789,1953,Graduation,Together,80812.0,0,0,17-09-2013,95,769,22,500,210,143,33,1,4,8,5,2,1,0,1,1,0,0,3,11,0
1446,1956,Master,Single,86424.0,0,0,05-04-2014,12,387,68,569,89,45,68,1,6,9,12,1,0,0,0,0,0,0,3,11,0
3270,1978,2n Cycle,Together,17117.0,1,0,17-01-2013,96,12,23,38,30,18,7,4,3,1,3,9,0,0,0,0,0,0,3,11,0
8916,1975,Graduation,Divorced,36627.0,2,0,23-07-2013,78,9,1,5,0,0,1,1,0,0,3,5,0,0,0,0,0,0,3,11,0
8017,1981,2n Cycle,Married,51111.0,1,1,19-06-2014,83,22,0,19,6,5,3,2,2,0,3,6,0,0,0,0,0,0,3,11,0
5830,1972,PhD,Single,86857.0,0,0,12-09-2012,96,899,102,838,133,102,40,1,5,6,10,2,0,0,0,0,0,0,3,11,1
7023,1953,PhD,Single,46231.0,2,1,26-11-2012,87,189,2,55,0,5,12,4,6,1,4,9,0,0,0,0,0,0,3,11,0
2930,1978,Master,Single,68092.0,0,0,16-12-2013,7,852,60,207,78,36,48,2,2,6,10,5,0,0,0,0,0,0,3,11,0
5046,1958,Graduation,Divorced,78331.0,0,1,23-01-2014,97,756,138,354,160,169,61,2,10,6,7,4,0,0,0,0,0,0,3,11,0
8945,1970,Graduation,Divorced,54137.0,0,1,16-08-2013,46,171,0,11,0,1,20,2,4,1,4,6,0,0,0,0,0,0,3,11,0
2727,1973,Graduation,Together,57100.0,0,0,04-12-2013,19,181,21,69,39,3,96,1,3,3,6,3,0,0,0,0,0,0,3,11,0
11074,1977,Graduation,Single,85072.0,0,0,09-04-2014,94,494,92,391,194,11,241,1,3,4,10,0,0,0,0,0,0,0,3,11,0
1968,1971,Graduation,Widow,45684.0,1,0,02-12-2013,37,5,1,5,10,0,7,1,1,0,2,7,0,0,0,0,0,0,3,11,0
6534,1974,Graduation,Together,47889.0,1,0,04-01-2014,94,29,0,29,0,5,4,1,2,0,3,5,0,0,0,0,0,0,3,11,0
7053,1966,PhD,Single,78420.0,0,0,29-06-2013,75,604,28,674,91,28,28,1,3,10,8,1,0,0,0,0,0,0,3,11,0
10619,1994,Graduation,Single,95529.0,0,0,03-12-2012,29,770,29,890,250,27,24,1,7,3,7,3,0,0,1,0,0,0,3,11,1
9308,1954,Graduation,Married,62820.0,0,0,11-05-2013,51,398,61,265,138,61,53,1,3,4,6,1,0,0,0,0,0,0,3,11,0
8362,1982,PhD,Married,84169.0,0,0,07-08-2013,9,1478,19,403,0,19,0,1,7,6,6,3,0,1,1,0,0,0,3,11,1
10037,1993,Graduation,Single,74293.0,0,0,04-05-2014,66,375,152,335,93,91,81,1,5,4,6,2,0,0,0,0,0,0,3,11,0
7922,1951,PhD,Single,64950.0,0,1,12-08-2012,29,819,0,72,12,0,63,2,11,2,10,7,0,1,0,0,0,0,3,11,0
4843,1952,Graduation,Single,75127.0,0,0,22-05-2014,92,203,35,305,46,17,227,1,2,11,5,1,0,0,0,0,0,0,3,11,0
760,1975,PhD,Divorced,60554.0,1,0,09-08-2013,8,588,7,76,110,15,15,2,8,4,9,6,0,0,0,0,0,0,3,11,0
8700,1986,Basic,Single,14906.0,0,0,22-12-2012,86,7,7,14,7,16,15,3,2,1,3,7,0,0,0,0,0,0,3,11,0
1328,1982,2n Cycle,Married,57937.0,0,1,16-02-2014,56,261,42,144,55,48,133,3,4,4,9,3,0,0,0,0,0,0,3,11,0
8405,1979,Graduation,Divorced,68274.0,1,1,30-09-2013,83,135,25,51,23,25,46,2,4,2,5,3,0,0,0,0,0,0,3,11,0
2882,1975,2n Cycle,Divorced,67893.0,0,1,01-10-2012,31,711,28,142,49,18,47,2,3,2,9,8,0,0,0,0,0,0,3,11,0
8146,1976,Master,Together,46106.0,1,1,11-05-2014,84,30,0,8,2,0,14,1,1,1,2,6,0,0,0,0,0,0,3,11,0
5748,1965,Graduation,Married,59754.0,0,1,01-12-2012,96,115,27,44,4,146,139,3,5,2,6,5,0,0,0,0,0,0,3,11,1
1523,1973,Graduation,Married,59041.0,1,1,07-05-2014,25,69,2,15,2,2,6,2,2,0,4,5,0,0,0,0,0,0,3,11,0
4640,1967,Graduation,Divorced,70647.0,0,1,21-09-2012,65,561,85,171,25,123,114,2,4,7,13,2,0,0,0,0,0,0,3,11,0
2456,1975,PhD,Married,40233.0,0,1,14-10-2013,84,80,4,46,0,17,2,5,2,1,5,6,0,0,0,0,0,0,3,11,0
5633,1980,Graduation,Married,50183.0,1,1,25-06-2014,47,97,12,84,13,10,15,7,3,1,6,5,0,0,0,0,0,0,3,11,0
7801,1959,Graduation,Together,54753.0,0,1,12-09-2013,87,197,107,227,7,59,131,3,5,2,11,4,0,0,0,0,0,0,3,11,0
7011,1973,Graduation,Married,33471.0,1,0,12-10-2012,47,43,2,27,0,9,12,3,3,0,4,7,0,0,0,0,0,0,3,11,0
1734,1968,PhD,Together,40706.0,2,1,17-01-2013,37,59,0,11,4,2,5,4,3,0,4,7,0,0,0,0,0,0,3,11,0
10286,1962,Graduation,Married,83715.0,0,0,03-02-2014,2,318,8,407,150,35,8,1,2,8,13,0,0,0,0,0,0,0,3,11,0
2166,1960,2n Cycle,Widow,46779.0,1,1,12-07-2013,55,12,1,3,0,0,7,1,0,1,2,4,0,0,0,0,0,0,3,11,0
3955,1965,Graduation,Divorced,4861.0,0,0,22-06-2014,20,2,1,1,1,0,1,0,0,0,0,14,0,0,0,0,0,0,3,11,0
9305,1976,2n Cycle,Single,79689.0,0,0,12-05-2013,65,311,26,640,180,37,121,1,4,9,13,2,0,0,0,0,0,0,3,11,0
453,1956,PhD,Widow,35340.0,1,1,29-06-2014,1,27,0,12,0,1,5,2,2,0,3,5,0,0,0,0,0,0,3,11,0
1212,1973,Graduation,Married,52845.0,1,0,13-08-2013,7,384,25,292,130,41,64,3,8,8,6,6,1,0,0,0,0,0,3,11,0
9097,1956,Graduation,Divorced,46086.0,0,1,03-11-2013,34,244,8,32,7,2,50,4,3,1,8,4,0,0,0,0,0,0,3,11,0
7962,1987,PhD,Single,95169.0,0,0,09-10-2013,1,1285,21,449,106,20,20,1,4,3,4,1,0,0,1,1,0,0,3,11,1
3158,1973,Graduation,Married,32300.0,1,0,03-01-2013,1,13,3,6,6,5,6,1,1,0,3,8,0,0,0,0,0,0,3,11,0
4436,1976,Graduation,Single,20180.0,0,0,20-02-2013,27,18,42,24,15,20,18,1,2,1,4,7,0,0,0,0,0,0,3,11,0
2445,1974,PhD,Together,28440.0,1,0,07-07-2013,87,38,1,24,0,0,0,1,2,0,3,8,0,0,0,0,0,0,3,11,0
8911,1967,PhD,Married,56320.0,0,1,08-04-2013,11,201,53,172,116,77,83,3,5,4,9,4,0,0,0,0,0,0,3,11,0
9220,1971,Graduation,Single,91700.0,0,0,17-01-2013,58,576,172,961,125,115,19,1,8,6,5,3,0,0,0,0,0,0,3,11,1
5263,1977,2n Cycle,Married,31056.0,1,0,22-01-2013,99,5,10,13,3,8,16,1,1,0,3,8,0,0,0,0,0,0,3,11,0
10749,1991,Graduation,Single,8028.0,0,0,18-09-2012,62,73,18,66,7,12,2,15,0,1,0,19,0,0,0,0,0,0,3,11,0
4754,1966,Master,Married,33585.0,0,1,25-09-2013,91,30,11,33,13,6,29,1,2,0,4,4,0,0,0,0,0,0,3,11,0
966,1966,Graduation,Married,44529.0,0,1,05-07-2013,98,538,13,91,17,6,26,6,6,2,11,5,0,1,0,0,0,0,3,11,0
4767,1965,2n Cycle,Married,70924.0,0,0,07-04-2014,41,635,114,254,132,152,76,1,6,6,7,3,0,0,1,0,0,0,3,11,0
4475,1949,PhD,Married,69098.0,0,0,16-02-2013,82,1315,22,780,145,0,178,1,7,8,9,5,0,0,0,0,0,0,3,11,0
5731,1983,Master,Married,27100.0,1,0,05-04-2013,64,12,0,13,2,0,10,1,1,0,3,7,0,0,0,0,0,0,3,11,0
3759,1958,Graduation,Together,65196.0,0,2,25-07-2013,34,743,19,181,12,0,200,2,7,6,11,5,1,0,0,0,0,0,3,11,0
1162,1987,PhD,Single,42000.0,0,0,10-01-2013,23,124,83,267,85,59,35,2,5,2,11,5,0,0,0,0,0,0,3,11,1
2055,1973,PhD,Divorced,35860.0,1,1,19-05-2014,37,15,0,8,4,2,20,2,1,1,2,5,1,0,0,0,0,0,3,11,0
2223,1965,2n Cycle,Divorced,64176.0,0,1,03-08-2012,52,1215,33,249,64,116,149,8,8,9,8,6,0,0,0,0,0,0,3,11,0
3807,1955,Graduation,Together,59925.0,0,1,30-11-2012,83,473,21,176,19,21,56,3,9,2,9,6,0,0,0,0,0,0,3,11,0
6421,1961,Graduation,Together,88347.0,0,0,03-07-2013,32,1050,178,555,77,138,118,1,4,7,9,1,0,0,0,1,0,0,3,11,0
4207,1981,PhD,Married,87171.0,0,0,01-05-2013,27,1001,44,107,58,44,44,1,6,7,11,2,1,0,1,0,0,0,3,11,0
5577,1983,Graduation,Together,43776.0,1,0,03-05-2014,77,8,0,9,2,1,3,1,1,0,2,6,0,0,0,0,0,0,3,11,0
1833,1974,PhD,Single,39190.0,1,0,26-04-2014,91,68,8,18,19,8,12,2,2,1,4,5,0,0,0,0,0,0,3,11,0
9964,1979,Graduation,Single,61825.0,0,1,07-08-2013,56,162,50,100,55,30,27,1,4,2,8,4,0,0,0,0,0,0,3,11,0
4790,1958,Graduation,Divorced,79803.0,0,1,02-06-2014,54,574,8,216,21,16,33,1,4,3,5,1,0,0,0,0,0,0,3,11,0
6001,1979,Graduation,Married,56775.0,0,1,02-01-2013,62,614,35,160,58,35,35,2,5,8,10,5,0,0,0,0,0,0,3,11,0
10552,1979,2n Cycle,Married,54210.0,0,1,20-05-2013,18,70,54,109,80,9,45,2,4,1,7,5,0,0,0,0,0,0,3,11,0
6271,1952,PhD,Married,50870.0,0,1,19-06-2014,13,53,0,8,0,0,2,1,2,0,3,5,0,0,0,0,0,0,3,11,0
10065,1970,2n Cycle,Married,15315.0,0,0,03-08-2013,27,7,4,13,15,8,17,2,2,0,4,5,0,0,0,0,0,0,3,11,0
375,1954,Graduation,Divorced,76773.0,0,0,25-02-2013,79,516,56,449,86,33,16,1,2,2,11,1,0,0,0,0,0,0,3,11,0
1524,1983,2n Cycle,Single,81698.0,0,0,01-03-2013,1,709,45,115,30,160,45,1,8,2,5,5,0,0,0,1,0,0,3,11,1
7451,1960,Master,Single,98777.0,0,0,17-02-2014,23,1000,19,711,125,115,38,0,4,6,9,1,0,1,0,0,0,0,3,11,0
4713,1979,PhD,Married,31605.0,1,0,22-11-2012,15,74,0,42,2,1,6,2,2,1,4,7,0,0,0,0,0,0,3,11,0
675,1973,Master,Divorced,52034.0,1,1,17-05-2013,67,146,0,93,7,13,73,5,4,2,5,7,0,0,0,0,0,0,3,11,0
6749,1966,Graduation,Single,86358.0,1,1,08-08-2012,78,957,47,494,82,47,95,4,5,3,6,8,0,0,0,0,0,0,3,11,0
2975,1976,Graduation,Together,85606.0,0,1,12-11-2012,89,717,42,864,219,30,84,2,6,7,9,3,0,0,0,1,0,0,3,11,0
10542,1968,PhD,Married,36778.0,1,1,05-08-2012,63,29,4,34,2,4,4,3,3,0,3,9,0,0,0,0,0,0,3,11,0
8015,1962,PhD,Divorced,85696.0,0,0,03-05-2013,88,714,76,395,116,0,12,1,4,6,9,1,0,0,0,0,0,0,3,11,1
11166,1961,Graduation,Married,49678.0,0,1,02-02-2013,81,229,5,56,3,2,20,2,6,2,4,7,0,0,0,0,0,0,3,11,0
849,1953,Master,Together,56129.0,0,1,20-06-2013,65,320,48,133,39,72,48,4,6,2,10,4,0,0,0,0,0,0,3,11,0
4066,1978,2n Cycle,Divorced,21282.0,1,0,11-05-2014,76,1,5,8,4,8,20,2,2,1,2,6,0,0,0,0,0,0,3,11,0
1453,1943,PhD,Widow,57513.0,0,0,06-07-2013,59,735,40,183,52,20,30,2,9,3,13,6,0,0,0,0,0,0,3,11,0
8310,1964,Graduation,Together,68142.0,0,1,29-08-2012,96,897,126,196,91,112,37,3,10,4,7,6,0,0,0,0,0,0,3,11,0
2613,1960,Master,Married,54197.0,0,1,03-04-2014,16,162,6,37,6,13,13,2,1,3,6,1,0,0,0,0,0,0,3,11,0
213,1963,PhD,Single,23091.0,1,1,28-05-2014,98,35,0,11,0,0,2,4,2,1,3,7,0,0,0,0,0,0,3,11,0
4252,1965,Graduation,Married,44375.0,0,1,23-03-2014,73,213,5,28,7,7,41,1,4,1,6,5,0,0,0,0,0,0,3,11,0
5922,1974,PhD,Married,40344.0,0,1,13-10-2013,48,210,0,6,0,0,2,2,4,1,5,7,0,0,0,0,0,0,3,11,0
10486,1948,Graduation,Married,77142.0,0,0,29-05-2013,54,476,75,162,29,151,97,1,4,4,8,2,0,0,0,0,0,0,3,11,0
2410,1969,Graduation,Single,81657.0,0,0,22-01-2014,69,364,40,425,158,60,50,1,3,4,8,1,0,0,0,0,0,0,3,11,0
193,1996,Basic,Married,14421.0,0,0,17-02-2014,81,0,0,2,3,3,8,1,1,0,2,5,1,0,0,0,0,0,3,11,0
8686,1979,Basic,Together,23724.0,1,0,08-01-2013,65,5,23,15,0,18,14,2,2,0,3,8,0,0,0,0,0,0,3,11,0
1604,1960,Master,Married,47353.0,0,1,13-11-2013,93,184,2,19,8,8,4,3,2,2,6,5,0,0,0,0,0,0,3,11,0
1829,1961,PhD,Divorced,54959.0,0,1,19-01-2013,55,1148,0,60,0,0,24,3,9,5,4,7,0,1,0,0,0,0,3,11,1
10466,1965,Graduation,Married,44393.0,1,1,22-08-2013,86,24,2,20,2,2,10,2,1,0,4,4,0,0,0,0,0,0,3,11,0
9855,1952,PhD,Single,62000.0,0,1,25-08-2013,25,899,0,101,0,0,20,1,6,6,13,4,0,0,0,1,0,0,3,11,0
4088,1962,PhD,Together,31497.0,0,1,06-12-2012,22,108,1,28,13,1,4,2,3,1,4,8,0,0,0,0,0,0,3,11,0
8732,1969,Master,Widow,67369.0,0,1,17-11-2012,81,1298,0,70,37,14,42,4,7,4,10,4,0,1,1,0,0,0,3,11,1
2315,1960,Graduation,Divorced,58401.0,0,1,20-04-2014,55,10,0,11,17,29,29,1,1,2,2,4,0,0,0,0,0,0,3,11,0
837,1977,Graduation,Married,54809.0,1,1,11-09-2013,0,63,6,57,13,13,22,4,2,1,5,4,0,0,0,0,0,0,3,11,0
3602,1958,Master,Married,51412.0,0,1,31-12-2013,42,140,3,29,4,5,14,2,3,2,4,4,0,0,0,0,0,0,3,11,0
3068,1990,Graduation,Married,18351.0,0,0,29-10-2013,1,1,12,9,0,14,7,1,2,0,3,7,0,0,0,0,0,0,3,11,0
3439,1972,Graduation,Married,56721.0,1,1,31-10-2012,64,157,6,39,6,13,75,5,4,1,5,6,0,0,0,0,0,0,3,11,0
232,1965,Graduation,Single,61559.0,0,1,17-07-2013,8,279,83,88,32,14,34,1,4,2,10,3,0,0,0,0,0,0,3,11,0
938,1981,Graduation,Married,40211.0,1,1,30-07-2013,30,51,1,7,2,1,25,2,2,1,2,8,1,0,0,0,0,0,3,11,0
1307,1978,Graduation,Divorced,41986.0,0,1,09-02-2014,15,27,5,8,8,3,12,3,3,0,4,4,0,0,0,0,0,0,3,11,0
843,1971,Graduation,Married,64722.0,1,0,26-05-2014,47,303,0,280,60,147,15,4,8,2,11,6,0,0,0,0,0,0,3,11,0
8534,1952,Graduation,Married,67433.0,0,2,16-07-2013,51,615,28,259,12,48,30,4,6,5,13,4,0,1,0,0,0,0,3,11,0
961,1972,Graduation,Married,74716.0,0,1,12-09-2013,92,133,27,421,13,195,71,2,7,3,5,4,0,0,0,0,0,0,3,11,0
5011,1963,Graduation,Divorced,68118.0,0,1,18-10-2013,51,595,23,123,10,23,154,2,8,9,4,6,0,0,0,0,0,0,3,11,0
5493,1976,Graduation,Married,39356.0,1,1,19-03-2014,21,15,0,2,0,0,6,1,1,0,2,6,1,0,0,0,0,0,3,11,0
3979,1983,PhD,Divorced,90687.0,0,0,22-05-2013,98,982,17,672,23,34,51,1,6,2,8,2,0,0,1,0,0,0,3,11,1
10319,1971,Graduation,Married,66303.0,0,1,26-02-2013,56,1090,12,96,16,12,60,4,3,4,11,8,0,1,0,0,0,0,3,11,0
10637,1964,Graduation,Married,40800.0,1,2,01-01-2013,77,24,0,27,8,30,10,2,3,0,3,7,0,0,0,0,0,1,3,11,0
2931,1978,Graduation,Divorced,71847.0,0,0,21-09-2012,95,737,21,106,55,63,210,0,6,7,9,3,0,0,0,1,0,0,3,11,0
3698,1983,Graduation,Together,78687.0,0,0,09-08-2012,13,817,185,687,145,55,241,1,4,6,8,2,0,0,1,0,0,0,3,11,1
5043,1951,Basic,Married,26997.0,0,0,05-11-2012,89,7,23,78,133,49,144,2,4,2,5,7,0,0,0,0,0,0,3,11,0
9010,1972,Master,Married,83151.0,0,0,10-02-2013,80,968,147,842,137,42,210,1,5,7,10,2,1,0,1,1,0,0,3,11,1
2811,1963,PhD,Single,48918.0,1,1,12-04-2014,21,52,0,9,0,0,1,2,1,0,4,4,0,0,0,0,0,0,3,11,0
3551,1954,Master,Together,60033.0,0,1,29-03-2014,28,62,1,57,19,11,48,2,2,1,5,2,0,0,0,0,0,0,3,11,0
10641,1978,Graduation,Single,7500.0,1,1,27-12-2012,5,6,5,4,13,4,25,4,2,1,3,6,0,0,0,0,0,0,3,11,0
5336,1971,Master,Together,157733.0,1,0,04-06-2013,37,39,1,9,2,0,8,0,1,0,1,1,0,0,0,0,0,0,3,11,0
3099,1970,Graduation,Divorced,44267.0,1,1,25-02-2013,48,183,5,65,3,5,49,5,5,2,4,9,0,0,0,0,0,0,3,11,0
3972,1976,Graduation,Together,50200.0,1,1,03-04-2013,70,266,6,51,8,6,64,6,7,1,5,8,0,0,0,0,0,0,3,11,0
5758,1982,Graduation,Married,65169.0,0,0,14-01-2014,23,1074,0,69,0,0,46,1,10,4,13,6,1,0,1,1,1,0,3,11,1
6658,1972,Graduation,Together,59868.0,0,1,22-07-2013,37,771,51,154,54,10,154,7,11,2,12,6,0,0,0,0,0,0,3,11,0
8427,1956,Master,Single,64857.0,0,0,23-11-2012,78,556,14,717,210,0,43,1,7,5,10,4,0,0,0,0,0,0,3,11,0
10260,1965,Master,Together,45143.0,0,1,26-08-2013,74,202,5,74,11,5,14,3,6,1,5,7,0,0,0,0,0,0,3,11,0
7143,1955,2n Cycle,Together,74805.0,0,1,06-11-2013,14,209,162,209,41,162,37,5,4,7,10,2,0,0,0,0,0,0,3,11,0
4554,1965,Graduation,Together,47009.0,0,1,01-10-2013,89,171,45,73,59,10,90,4,3,2,8,4,0,0,0,0,0,0,3,11,0
8749,1984,Graduation,Together,37235.0,1,0,01-02-2014,68,20,2,9,4,6,20,1,1,1,2,4,0,0,0,0,0,0,3,11,0
10377,1958,Master,Together,46692.0,0,1,06-06-2013,37,170,6,97,24,12,88,3,6,1,5,6,0,0,0,0,0,0,3,11,0
6398,1974,Basic,Married,18393.0,1,0,29-03-2014,2,7,10,13,16,0,4,2,3,0,3,8,0,0,0,0,0,0,3,11,0
7937,1982,Graduation,Married,24711.0,0,0,18-04-2014,86,10,7,25,6,3,7,1,3,0,3,7,0,0,0,0,0,0,3,11,0
839,1975,PhD,Married,45503.0,1,0,25-09-2013,54,97,4,44,6,1,18,1,3,1,4,5,0,0,0,0,0,0,3,11,0
158,1945,PhD,Together,71604.0,0,0,17-11-2013,3,345,53,528,98,75,97,1,8,3,5,4,1,0,0,0,0,0,3,11,1
1945,1962,Graduation,Married,71434.0,0,1,18-09-2013,4,711,36,217,172,96,168,3,7,4,7,4,0,1,0,1,0,0,3,11,0
9635,1983,Master,Married,35876.0,0,0,20-04-2014,13,66,2,40,4,3,14,1,3,1,3,6,0,0,0,0,0,0,3,11,0
942,1982,Graduation,Single,39660.0,1,0,08-08-2012,36,139,13,78,20,13,36,3,7,1,3,9,0,0,0,0,0,0,3,11,1
5510,1977,Master,Married,43263.0,0,1,21-11-2012,2,262,6,61,0,10,102,3,5,2,6,5,0,0,0,0,0,0,3,11,0
979,1975,Graduation,Single,33249.0,1,0,20-02-2013,11,6,10,21,19,14,42,2,2,1,3,6,0,0,0,0,0,0,3,11,0
10590,1956,PhD,Together,76542.0,0,0,30-03-2013,91,794,73,573,0,29,14,1,4,8,10,2,0,0,0,0,0,0,3,11,0
5080,1993,Graduation,Single,70515.0,0,0,21-10-2013,12,420,0,452,182,64,140,1,6,6,4,2,0,0,0,0,0,0,3,11,1
7912,1978,Graduation,Married,38136.0,1,0,22-04-2013,69,8,15,27,0,20,33,2,3,1,2,8,1,0,0,0,0,0,3,11,0
1343,1968,Graduation,Together,58554.0,1,1,26-09-2012,55,368,24,68,38,0,88,6,8,2,6,7,0,0,0,0,0,0,3,11,0
2698,1976,Graduation,Single,47025.0,0,1,07-11-2013,52,254,7,108,20,0,26,3,6,3,5,6,0,0,0,0,0,0,3,11,0
4096,1968,Master,Divorced,41335.0,1,0,26-12-2013,24,112,19,21,16,14,5,3,4,1,4,7,0,0,0,0,0,0,3,11,0
10258,1965,Master,Single,35791.0,2,1,06-05-2013,94,27,0,5,0,0,3,2,1,0,3,8,0,0,0,0,0,0,3,11,0
8805,1960,Graduation,Single,48904.0,0,1,02-12-2012,1,283,10,38,0,13,27,4,7,2,4,8,0,0,0,0,0,0,3,11,0
1542,1975,Graduation,Single,56243.0,1,2,30-12-2013,26,347,0,35,4,3,7,6,4,2,8,5,0,0,0,0,0,0,3,11,0
6770,1985,Graduation,Married,21355.0,1,0,20-08-2013,5,5,13,14,0,5,31,2,2,1,2,6,1,0,0,0,0,0,3,11,1
4345,1964,2n Cycle,Single,,1,1,12-01-2014,49,5,1,9,2,0,4,1,1,0,2,7,0,0,0,0,0,0,3,11,0
793,1973,Graduation,Married,20895.0,1,0,06-10-2012,24,18,3,17,3,0,4,1,2,0,3,9,0,0,0,0,0,0,3,11,0
10909,1948,Graduation,Married,92344.0,0,0,15-01-2014,9,992,24,694,51,19,119,0,5,10,5,1,1,0,1,0,0,0,3,11,0
2963,1979,Graduation,Together,75507.0,0,0,02-05-2014,56,709,93,374,104,80,80,1,8,6,6,3,0,0,0,0,0,0,3,11,0
5289,1975,2n Cycle,Single,41658.0,1,1,09-11-2012,30,8,4,12,15,4,29,2,1,1,2,4,0,0,0,0,0,0,3,11,0
9958,1972,Graduation,Married,65685.0,0,1,29-03-2014,54,642,14,49,0,7,57,1,9,2,9,5,0,0,0,0,0,0,3,11,0
6613,1970,Master,Married,44511.0,1,0,12-10-2012,39,513,7,133,46,14,14,6,8,4,8,8,0,0,0,0,0,0,3,11,0
10827,1967,PhD,Married,36947.0,1,1,07-08-2012,49,88,3,21,4,1,29,4,3,0,4,9,0,0,0,0,0,0,3,11,0
9121,1972,Graduation,Married,80134.0,1,0,20-05-2013,40,1218,16,272,104,0,80,2,5,3,6,6,0,1,1,1,0,0,3,11,1
4310,1944,Graduation,Married,80589.0,0,0,22-01-2014,25,507,93,520,242,40,26,1,5,10,5,1,0,0,0,1,0,0,3,11,1
524,1966,Basic,Together,22634.0,0,0,16-01-2013,47,2,23,11,8,6,46,1,2,1,2,8,0,0,0,0,0,0,3,11,0
5824,1972,PhD,Together,34578.0,2,1,11-04-2014,1,7,0,1,0,0,0,1,1,0,2,6,0,0,0,0,0,0,3,11,0
5229,1969,PhD,Together,54132.0,0,1,16-02-2014,81,30,1,8,0,0,3,1,1,0,3,7,0,0,0,0,0,0,3,11,0
4086,1959,Graduation,Married,18690.0,0,0,28-12-2012,77,6,1,7,23,4,19,1,1,1,2,8,0,0,0,0,0,0,3,11,0
2428,1970,Graduation,Married,28164.0,1,0,04-05-2013,23,3,18,26,11,8,12,3,2,0,4,7,0,0,0,0,0,0,3,11,0
7152,1983,Master,Married,27100.0,1,0,05-04-2013,64,12,0,13,2,0,10,1,1,0,3,7,0,0,0,0,0,0,3,11,0
10033,1973,2n Cycle,Divorced,31163.0,1,0,13-02-2014,54,2,3,10,11,2,10,1,1,0,3,6,0,0,0,0,0,0,3,11,0
274,1973,Graduation,Single,34853.0,1,1,23-12-2013,75,9,3,15,2,3,2,2,2,0,3,6,0,0,0,0,0,0,3,11,0
3388,1967,Graduation,Divorced,70844.0,1,1,30-10-2013,16,129,26,67,3,67,2,5,6,1,5,7,0,0,0,0,0,0,3,11,0
4682,1958,Graduation,Married,51876.0,0,0,15-10-2013,88,99,27,102,28,48,6,1,2,2,8,1,0,0,0,0,0,0,3,11,0
1927,1973,2n Cycle,Together,69401.0,0,1,23-03-2014,41,399,27,159,58,8,39,4,4,4,5,2,0,0,0,0,0,0,3,11,0
6652,1965,Graduation,Married,77343.0,0,0,09-06-2014,28,227,151,573,98,54,31,1,3,4,9,1,0,0,0,0,0,0,3,11,0
4399,1969,Graduation,Together,68695.0,0,0,25-06-2014,3,458,81,356,106,50,40,1,4,4,7,2,0,0,0,0,0,0,3,11,0
8233,1950,Master,Widow,64866.0,0,1,26-01-2014,9,508,5,21,7,5,10,4,7,3,7,5,0,1,0,0,0,0,3,11,0
10524,1963,Master,Divorced,49476.0,0,1,20-06-2013,29,386,23,95,54,41,196,4,2,11,5,2,0,0,0,0,0,0,3,11,0
4690,1953,Graduation,Married,50725.0,0,1,13-02-2013,45,443,10,75,0,10,48,4,8,1,8,8,0,0,0,0,0,0,3,11,0
4406,1970,Graduation,Together,67419.0,0,1,16-01-2013,29,846,84,352,91,56,42,4,9,4,8,5,0,0,0,0,0,0,3,11,0
4864,1977,Graduation,Married,34380.0,1,0,02-05-2013,68,72,7,58,13,1,24,4,4,1,3,8,0,0,0,0,0,0,3,11,0
4706,1966,Graduation,Single,34704.0,0,1,27-04-2013,65,29,0,5,0,1,5,1,1,0,3,5,0,0,0,0,0,0,3,11,0
4070,1969,PhD,Married,94871.0,0,2,01-09-2012,99,169,24,553,188,0,144,1,8,5,4,7,0,1,1,0,0,0,3,11,1
25,1958,Graduation,Married,65148.0,0,1,16-11-2012,9,460,35,422,33,12,153,2,6,6,7,4,0,0,0,0,0,0,3,11,0
5286,1987,Master,Single,41020.0,0,0,28-10-2013,68,112,1,54,7,7,36,1,3,2,4,3,0,0,0,0,0,0,3,11,0
8370,1976,2n Cycle,Together,75484.0,0,1,02-08-2012,50,378,97,259,197,194,34,2,7,3,6,4,0,0,0,0,0,0,3,11,0
9988,1976,Master,Single,70379.0,0,1,03-03-2013,84,553,25,142,65,67,8,3,6,3,13,4,0,0,0,0,0,0,3,11,0
2939,1970,Master,Together,79419.0,0,0,22-06-2014,96,751,127,687,20,15,31,1,4,6,4,2,0,0,0,0,0,0,3,11,0
3478,1971,PhD,Married,60585.0,1,1,24-06-2013,17,267,42,309,55,42,21,10,7,4,9,5,0,0,0,0,0,0,3,11,1
7494,1950,PhD,Divorced,42873.0,1,1,21-01-2013,11,209,0,40,3,2,15,4,6,1,4,8,0,0,0,0,0,0,3,11,0
1763,1988,Graduation,Together,87679.0,0,0,27-07-2013,62,1259,172,815,97,148,33,1,7,11,10,4,1,0,1,1,0,0,3,11,1
7250,1978,Graduation,Together,57867.0,1,0,01-10-2013,48,344,35,178,15,23,17,7,7,2,9,6,0,0,0,0,0,0,3,11,0
10770,1959,Graduation,Married,65492.0,0,0,26-01-2014,73,247,161,295,210,85,47,2,4,7,13,2,0,0,0,0,0,0,3,11,0
6318,1988,Graduation,Married,68487.0,0,0,13-01-2013,48,758,12,385,33,89,89,1,9,7,13,4,0,0,0,0,0,0,3,11,0
10128,1958,Graduation,Together,53977.0,0,1,08-06-2013,21,620,16,165,0,24,82,5,5,5,12,5,0,0,0,0,0,0,3,11,0
9264,1986,Graduation,Married,79529.0,0,0,27-04-2014,1,423,42,706,73,197,197,1,4,8,9,2,0,0,0,0,0,0,3,11,0
3865,1977,2n Cycle,Together,20981.0,0,0,30-04-2013,14,2,12,10,6,13,30,1,3,1,2,8,0,0,0,0,0,0,3,11,1
8643,1971,Graduation,Together,69930.0,0,0,26-05-2013,21,252,98,827,219,70,196,1,4,5,12,3,0,0,0,0,0,0,3,11,0
1998,1976,Graduation,Single,37697.0,1,0,07-02-2014,82,34,6,21,11,4,8,1,2,1,3,6,0,0,0,0,0,0,3,11,0
10795,1973,PhD,Married,37401.0,1,0,06-05-2014,14,19,3,19,3,1,3,2,2,0,3,7,0,0,0,0,0,0,3,11,0
7998,1958,Graduation,Together,28087.0,1,1,11-12-2012,77,53,8,17,13,0,21,3,2,2,2,7,0,0,0,0,0,0,3,11,0
830,1987,PhD,Single,74004.0,0,0,24-02-2014,5,784,48,560,42,176,48,1,4,6,4,3,0,0,1,1,0,0,3,11,1
6050,1975,2n Cycle,Married,57036.0,0,1,11-12-2012,33,1171,43,219,19,14,47,4,6,3,13,9,1,0,0,0,0,0,3,11,0
3463,1975,PhD,Married,69283.0,0,1,14-06-2014,41,674,62,134,0,26,8,4,7,3,13,5,0,0,0,0,0,0,3,11,0
3745,1988,2n Cycle,Married,23331.0,1,0,04-09-2012,92,5,36,7,0,10,45,2,3,0,3,8,0,0,0,0,0,0,3,11,0
1079,1971,PhD,Married,71969.0,0,1,16-10-2012,59,1000,0,76,0,0,10,3,3,4,9,8,0,1,0,0,0,0,3,11,0
5636,1963,Graduation,Single,30983.0,0,0,09-11-2012,50,51,4,50,12,1,49,1,4,0,3,8,0,0,0,0,0,0,3,11,1
591,1957,Graduation,Widow,66033.0,0,1,20-01-2013,76,293,35,179,46,59,65,2,8,3,7,7,0,0,0,0,0,0,3,11,0
4037,1976,Graduation,Divorced,31859.0,1,0,14-06-2013,77,3,1,3,8,0,5,1,1,0,2,7,0,0,0,0,0,0,3,11,0
5424,1983,Graduation,Married,39922.0,1,0,14-02-2013,30,29,12,59,19,1,36,2,3,0,4,8,0,0,0,0,0,0,3,11,0
7476,1964,Master,Single,63972.0,0,1,02-12-2012,93,928,63,254,0,12,12,4,5,4,10,4,0,1,0,0,0,0,3,11,0
4390,1954,Graduation,Together,75315.0,0,1,15-04-2014,14,459,15,171,142,23,31,2,5,4,12,2,0,0,0,0,0,0,3,11,0
1081,1957,PhD,Married,75283.0,1,2,27-03-2013,26,733,9,180,12,19,66,11,6,3,5,4,0,0,0,0,0,0,3,11,0
9916,1954,Graduation,Married,38998.0,1,1,03-11-2012,92,34,1,14,0,0,5,3,2,0,3,8,0,0,0,0,0,1,3,11,0
5350,1991,Master,Single,90638.0,0,0,13-02-2014,29,1156,120,915,94,144,96,1,3,4,10,1,0,0,1,0,0,0,3,11,1
8135,1986,Master,Married,27161.0,1,0,28-10-2013,41,7,4,23,7,0,11,1,1,0,3,7,0,0,0,0,0,0,3,11,0
3790,1956,Graduation,Together,34633.0,2,1,23-01-2014,31,8,1,5,0,0,1,1,1,0,2,6,0,0,0,0,0,0,3,11,0
9952,1947,Master,Together,78093.0,0,0,11-12-2013,53,368,32,639,13,43,10,1,4,7,5,1,0,0,0,0,0,0,3,11,0
3503,1950,Graduation,Divorced,82460.0,0,0,02-12-2013,78,255,47,573,52,32,15,1,5,3,6,1,0,0,0,0,0,0,3,11,0
2471,1965,Graduation,Married,61482.0,0,0,27-06-2014,39,48,58,68,16,66,43,1,3,2,6,2,0,0,0,0,0,0,3,11,0
4971,1962,PhD,Together,31497.0,0,1,06-12-2012,22,108,1,28,13,1,4,2,3,1,4,8,0,0,0,0,0,0,3,11,0
1131,1967,PhD,Single,52569.0,0,1,05-04-2014,54,85,0,3,0,0,7,1,2,0,4,3,0,0,0,0,0,0,3,11,0
7022,1971,Graduation,Married,76445.0,1,0,28-09-2012,2,739,107,309,140,80,35,1,2,5,13,6,0,0,0,0,0,0,3,11,0
7943,1975,PhD,Married,36663.0,1,0,25-04-2014,40,18,0,6,3,3,5,1,1,1,3,2,0,0,0,0,0,0,3,11,0
9971,1964,PhD,Married,65526.0,0,1,11-04-2014,22,397,19,69,12,0,9,1,4,4,8,2,0,0,0,0,0,0,3,11,0
9242,1990,Graduation,Single,64509.0,0,0,17-08-2013,19,836,185,575,24,25,77,1,6,3,9,4,1,0,0,0,0,0,3,11,1
10099,1984,Graduation,Married,55434.0,1,0,05-10-2013,21,238,115,215,169,69,76,3,5,3,13,4,0,0,0,0,0,0,3,11,0
5423,1983,Graduation,Together,28359.0,1,0,27-10-2013,35,6,0,5,2,1,2,1,1,0,2,7,0,0,0,0,0,0,3,11,0
3298,1956,Master,Married,52973.0,0,1,08-11-2012,92,856,0,76,12,9,199,7,9,6,9,8,0,0,0,0,0,0,3,11,0
8286,1965,PhD,Together,51717.0,0,1,20-08-2013,55,98,1,17,0,1,5,1,3,0,4,7,0,1,0,0,0,0,3,11,0
5120,1982,2n Cycle,Together,66664.0,0,0,25-09-2012,78,398,96,447,220,96,32,1,5,7,6,3,0,0,0,0,0,0,3,11,0
252,1963,PhD,Divorced,41003.0,0,0,17-03-2013,11,123,133,142,71,44,88,1,6,2,8,6,0,0,0,0,0,0,3,11,0
3859,1947,PhD,Together,73059.0,0,1,31-08-2013,36,410,112,420,0,82,71,1,9,3,13,4,0,0,0,0,0,0,3,11,0
3783,1959,PhD,Married,52854.0,1,1,24-03-2014,43,105,0,10,0,1,0,2,2,1,4,5,0,0,0,0,0,0,3,11,0
3427,1955,PhD,Married,59821.0,0,1,12-04-2013,11,629,0,70,0,0,35,6,11,2,7,8,0,0,0,0,0,0,3,11,0
10785,1969,Graduation,Married,44078.0,1,1,19-06-2014,17,24,1,10,2,0,4,2,2,0,3,5,0,0,0,0,0,0,3,11,0
6866,1969,Master,Together,35924.0,1,1,23-03-2014,56,8,0,14,2,3,7,1,1,0,3,5,0,0,0,0,0,0,3,11,0
5177,1974,Master,Married,58494.0,0,1,12-12-2013,56,298,7,68,4,0,19,2,6,2,6,6,0,0,0,0,0,0,3,11,0
1378,1972,2n Cycle,Together,50334.0,0,1,24-07-2013,24,284,16,160,84,16,134,6,7,4,6,6,0,0,0,0,0,0,3,11,0
2781,1981,Graduation,Single,72066.0,0,0,23-06-2014,55,1003,34,536,134,51,34,1,4,6,6,2,0,0,1,1,0,0,3,11,1
1165,1958,PhD,Single,50729.0,1,1,02-05-2013,62,239,13,143,45,4,52,9,6,2,7,6,0,0,0,0,0,0,3,11,0
6912,1967,PhD,Married,63246.0,0,2,20-08-2013,60,593,30,91,29,22,7,1,6,3,12,4,0,0,0,0,0,0,3,11,0
7327,1959,PhD,Married,36732.0,1,1,29-12-2013,71,21,5,3,10,1,7,3,1,1,4,2,0,0,0,0,0,0,3,11,0
4127,1967,PhD,Married,77766.0,0,1,22-02-2013,97,1004,59,265,115,59,27,2,11,10,11,6,1,0,0,0,0,0,3,11,1
3690,1986,Master,Married,80141.0,0,0,11-01-2013,20,1184,102,673,52,40,40,1,7,4,10,6,0,0,1,0,0,0,3,11,1
4065,1976,PhD,Married,49544.0,1,0,12-02-2013,0,308,0,73,0,0,23,2,5,1,8,7,0,0,0,0,0,0,3,11,0
8230,1980,Graduation,Married,33228.0,1,0,23-01-2014,28,22,2,31,7,4,5,1,2,0,3,7,0,0,0,0,0,0,3,11,0
1891,1980,Master,Divorced,78789.0,0,0,08-08-2012,12,667,50,850,21,83,83,1,4,6,5,2,0,0,0,0,0,0,3,11,1
2570,1968,Graduation,Together,56534.0,0,1,23-07-2013,35,691,7,61,10,0,46,4,10,4,7,8,0,1,0,0,1,0,3,11,1
295,1989,Graduation,Single,81217.0,0,0,19-07-2013,77,493,70,324,146,40,84,1,3,7,11,1,0,0,0,0,0,0,3,11,0
10790,1985,PhD,Married,18169.0,1,0,19-02-2013,40,9,0,5,0,0,7,1,1,0,2,8,0,0,0,0,0,0,3,11,0
10398,1981,2n Cycle,Single,24336.0,1,0,27-08-2012,82,1,6,2,8,2,12,1,1,0,2,7,0,0,0,0,0,0,3,11,0
2431,1990,Graduation,Married,18222.0,0,0,31-12-2012,70,12,4,19,12,6,14,1,2,0,3,8,0,0,0,0,0,0,3,11,0
8852,1976,Graduation,Married,61064.0,0,1,31-08-2012,80,387,126,342,0,45,180,5,8,4,11,6,0,0,0,0,0,0,3,11,0
1351,1956,Master,Together,58656.0,0,1,20-09-2012,25,962,12,194,16,24,12,4,7,8,13,6,0,0,1,0,0,0,3,11,0
8070,1973,PhD,Married,54222.0,0,1,01-03-2014,98,199,12,31,3,12,7,1,3,3,5,3,0,0,0,0,0,0,3,11,0
2202,1978,Graduation,Together,41154.0,0,1,09-04-2013,98,44,2,11,2,3,7,1,1,0,4,5,0,0,0,0,0,0,3,11,0
10340,1984,Graduation,Together,35196.0,1,0,13-11-2012,68,75,12,141,43,39,187,6,6,1,5,8,0,0,0,0,0,0,3,11,0
7629,1977,Graduation,Married,22108.0,1,1,08-05-2014,46,5,3,9,6,2,6,2,2,0,3,7,0,0,0,0,0,0,3,11,0
569,1991,Graduation,Single,90273.0,0,0,14-12-2013,32,704,129,853,120,74,111,1,5,6,7,2,0,1,1,1,0,0,3,11,1
2634,1979,Master,Single,16653.0,1,0,18-04-2014,10,5,7,31,15,4,7,3,2,1,3,6,0,0,0,0,0,0,3,11,1
1744,1965,Basic,Single,23529.0,0,1,07-01-2013,67,9,7,13,3,2,20,1,1,1,2,6,0,0,0,0,0,0,3,11,0
7500,1967,Graduation,Single,79146.0,1,1,24-04-2014,33,245,16,223,21,43,16,2,8,1,8,6,0,0,0,0,0,0,3,11,0
5796,1963,Graduation,Married,77437.0,0,0,26-11-2013,70,560,21,442,29,44,29,1,4,5,13,1,0,0,1,0,0,0,3,11,0
10556,1959,Graduation,Married,54984.0,0,1,24-05-2014,51,173,13,131,32,3,6,4,6,1,6,7,0,0,0,1,0,0,3,11,0
48,1964,Graduation,Together,55761.0,0,1,24-04-2014,97,136,1,12,0,3,32,2,4,1,3,6,0,1,0,0,0,0,3,11,0
7610,1983,Graduation,Together,37292.0,1,0,18-04-2013,32,275,0,86,10,23,66,5,6,3,5,8,0,0,0,0,0,0,3,11,0
263,1945,PhD,Single,45576.0,0,0,28-05-2014,9,56,19,29,2,14,25,1,3,1,3,8,0,0,0,0,0,0,3,11,1
9292,1952,Graduation,Married,81795.0,0,0,26-10-2012,74,324,132,693,27,118,88,1,4,11,7,2,0,0,0,0,0,0,3,11,0
10250,1947,Basic,Together,28389.0,0,0,20-11-2012,49,1,5,3,7,4,8,1,1,0,2,7,0,0,0,0,0,0,3,11,0
5847,1969,Graduation,Divorced,69901.0,0,1,29-05-2013,95,312,21,206,102,92,149,3,7,3,10,5,0,0,0,0,0,0,3,11,0
3878,1980,2n Cycle,Single,31859.0,1,0,27-02-2014,3,3,4,7,15,8,11,1,1,0,3,7,0,0,0,0,0,0,3,11,0
5394,1979,Basic,Single,16014.0,1,1,17-03-2013,42,3,9,4,7,8,7,4,1,1,4,3,0,0,0,0,0,0,3,11,0
3798,1968,Graduation,Married,41120.0,1,1,06-11-2013,80,24,2,23,0,8,24,3,2,1,3,6,0,0,0,0,0,0,3,11,0
3524,1971,Master,Single,39763.0,1,0,04-08-2013,9,80,1,60,4,6,16,2,5,1,2,9,0,0,0,0,0,0,3,11,1
5247,1955,PhD,Married,38725.0,1,1,10-05-2014,52,31,0,6,2,1,5,2,1,0,4,4,0,0,0,0,0,0,3,11,0
6616,1975,Graduation,Together,59481.0,0,1,23-10-2013,47,178,3,85,71,66,58,2,3,3,8,2,0,0,0,0,0,0,3,11,0
2797,1977,Graduation,Married,72117.0,0,1,20-08-2013,34,707,20,171,65,60,50,1,9,7,9,5,0,0,0,0,0,0,3,11,0
4328,1986,2n Cycle,Married,21955.0,1,0,07-09-2013,81,5,1,7,17,14,11,2,2,1,3,6,0,0,0,0,0,0,3,11,0
7592,1946,PhD,Married,51012.0,0,0,18-04-2013,86,102,9,63,2,9,24,1,4,1,4,6,0,0,0,0,0,0,3,11,0
8895,1985,Graduation,Single,70596.0,0,0,05-10-2012,68,347,44,534,17,0,26,1,3,5,12,2,0,0,0,0,0,0,3,11,0
2694,1967,Graduation,Married,42664.0,0,1,18-03-2014,44,21,0,3,0,0,0,1,1,0,3,6,0,0,0,0,0,0,3,11,0
8910,1955,Graduation,Together,42586.0,1,1,29-10-2012,7,194,2,56,0,0,0,5,4,1,6,8,0,0,0,0,0,0,3,11,1
7433,1985,Graduation,Single,29760.0,1,0,29-08-2012,87,64,4,68,7,5,17,4,3,1,4,8,0,0,0,0,0,0,3,11,0
8008,1983,Graduation,Together,36075.0,1,0,09-12-2013,54,46,0,30,12,1,30,1,2,0,4,6,0,0,0,0,0,0,3,11,0
10691,1960,Master,Married,28520.0,1,1,14-06-2013,55,11,0,10,0,2,20,1,1,1,2,6,0,0,0,0,0,0,3,11,0
8439,1964,Graduation,Together,63404.0,0,2,06-06-2014,97,734,26,70,11,44,17,2,6,3,4,4,0,0,0,1,0,0,3,11,0
762,1981,2n Cycle,Together,75774.0,1,0,02-05-2014,27,340,21,134,258,14,56,1,7,5,8,4,0,0,0,0,0,0,3,11,0
2831,1976,Graduation,Together,78416.0,0,1,27-06-2014,99,453,38,279,188,38,183,2,7,7,10,3,0,0,0,0,0,0,3,11,0
6977,1974,Graduation,Together,75702.0,0,1,14-10-2012,87,1073,0,629,145,37,37,1,10,5,13,6,0,0,1,0,0,0,3,11,0
6289,1951,Master,Together,59385.0,1,1,28-04-2013,85,135,0,10,0,4,36,2,3,1,4,5,0,0,0,0,0,0,3,11,0
4168,1966,Graduation,Single,37070.0,1,1,20-03-2013,30,231,7,137,4,15,39,9,5,1,8,7,0,0,0,0,0,0,3,11,1
6237,1966,PhD,Single,7144.0,0,2,07-12-2013,92,81,4,33,5,2,291,0,23,1,1,0,0,0,0,0,0,0,3,11,0
1990,1974,PhD,Single,63159.0,0,0,05-11-2012,74,965,34,586,89,86,37,1,3,5,8,3,1,0,0,0,0,0,3,11,0
2415,1962,Graduation,Together,62568.0,0,1,07-04-2014,99,362,17,398,80,35,61,3,5,3,5,4,0,0,0,1,0,0,3,11,0
8334,1971,Master,Single,33316.0,1,1,04-10-2013,34,79,1,31,4,4,12,3,2,1,4,6,0,0,0,0,0,0,3,11,0
1440,1978,2n Cycle,Together,52513.0,0,0,04-09-2012,84,367,17,241,104,188,232,2,9,5,9,7,0,0,0,0,0,0,3,11,0
78,1969,Graduation,Married,25293.0,1,0,15-09-2013,51,15,0,11,0,2,9,1,1,1,2,8,0,0,0,0,0,0,3,11,0
5302,1986,Graduation,Together,78394.0,0,0,15-02-2013,13,298,27,697,216,24,166,1,4,6,5,2,0,0,0,0,0,0,3,11,1
6859,1987,Graduation,Single,29236.0,1,0,08-10-2013,30,37,4,24,16,9,9,2,4,0,3,9,0,0,0,0,0,0,3,11,0
7129,1962,PhD,Married,54693.0,0,1,17-02-2013,72,686,17,142,23,26,35,8,6,4,13,6,0,0,0,0,0,0,3,11,0
10521,1977,Graduation,Married,54809.0,1,1,11-09-2013,0,63,6,57,13,13,22,4,2,1,5,4,0,0,0,0,0,0,3,11,1
7393,1978,Graduation,Together,41580.0,1,1,10-12-2012,15,56,5,24,4,0,3,3,2,1,3,5,0,0,0,0,0,0,3,11,0
7849,1970,PhD,Married,80336.0,0,0,09-09-2013,12,209,19,456,160,142,66,1,2,9,13,1,0,0,0,0,0,0,3,11,0
8527,1965,Master,Together,65735.0,1,1,07-12-2013,37,239,7,119,4,15,11,5,6,2,6,7,0,0,0,0,0,0,3,11,0
7872,1975,PhD,Married,86836.0,0,0,12-09-2012,7,179,21,273,0,21,63,1,6,10,6,5,1,0,1,1,0,0,3,11,1
5010,1988,Graduation,Single,25008.0,1,0,02-02-2014,72,2,8,8,6,1,9,2,1,0,3,8,0,0,0,0,0,0,3,11,0
4427,1995,2n Cycle,Single,83257.0,0,0,18-09-2012,56,536,27,590,38,107,67,1,5,10,12,6,1,0,1,0,0,1,3,11,1
6710,1951,Master,Single,58217.0,2,1,17-11-2012,84,68,1,13,3,5,13,1,2,0,4,6,0,0,0,0,0,0,3,11,0
10241,1975,2n Cycle,Divorced,11448.0,0,0,15-12-2013,16,0,0,0,6,2,6,1,1,0,2,6,0,0,0,0,0,0,3,11,0
2186,1977,2n Cycle,Together,82326.0,0,0,10-03-2014,30,938,142,754,159,81,183,1,5,10,6,2,0,1,1,1,0,0,3,11,1
4796,1952,Graduation,Divorced,49638.0,0,1,19-04-2014,71,18,10,3,3,5,0,1,1,0,3,2,0,0,0,0,0,0,3,11,0
9612,1987,2n Cycle,Single,23830.0,0,0,07-02-2014,3,1,8,6,4,8,16,1,1,0,3,7,0,0,0,0,0,0,3,11,0
3766,1959,Master,Widow,33051.0,0,0,16-08-2012,15,100,71,243,108,94,219,3,9,1,8,9,0,0,0,0,0,0,3,11,1
3426,1975,Graduation,Divorced,70300.0,1,0,15-07-2013,89,1045,61,338,60,46,46,3,5,5,13,8,0,0,0,0,0,0,3,11,0
3074,1984,PhD,Married,70643.0,0,0,15-10-2012,66,1218,107,304,23,143,33,1,5,8,4,6,0,0,0,0,0,0,3,11,1
10858,1975,Graduation,Together,76532.0,1,1,09-09-2013,38,355,30,177,90,138,30,4,9,5,7,5,0,0,0,0,0,0,3,11,0
2747,1988,PhD,Married,67546.0,0,0,31-08-2012,90,864,134,768,150,38,172,1,4,10,5,3,0,0,0,0,0,0,3,11,0
10779,1983,Graduation,Single,22148.0,0,0,13-04-2014,16,15,5,14,0,4,11,1,1,0,3,7,0,0,0,0,0,0,3,11,0
3265,1959,Graduation,Married,35701.0,0,0,19-03-2013,36,21,1,9,7,3,5,1,1,0,3,6,0,0,0,0,0,0,3,11,0
7101,1963,PhD,Widow,52278.0,0,1,25-01-2013,24,953,0,71,0,0,174,6,10,5,10,8,0,0,0,0,0,0,3,11,0
4385,1981,PhD,Single,36038.0,1,0,31-05-2013,82,23,0,15,0,2,7,2,3,0,3,6,0,0,0,0,0,0,3,11,0
2546,1977,2n Cycle,Single,31878.0,0,1,22-06-2014,7,23,4,5,10,5,23,1,1,0,4,3,0,0,0,0,0,0,3,11,0
3138,1956,Graduation,Single,91249.0,0,0,20-10-2012,84,1324,27,119,71,108,27,0,7,9,6,4,0,1,1,1,1,0,3,11,1
2181,1970,Graduation,Married,70617.0,0,0,23-06-2013,45,353,61,753,40,46,27,1,3,3,7,2,0,0,0,0,0,0,3,11,0
2478,1973,Graduation,Married,25410.0,1,0,31-08-2013,48,2,2,4,13,13,4,1,1,0,4,4,0,0,0,0,0,0,3,11,0
10868,1951,Graduation,Widow,70792.0,0,0,06-02-2013,82,344,45,654,104,11,114,2,3,4,10,3,0,0,0,0,0,0,3,11,0
10676,1982,Graduation,Married,63211.0,0,0,02-11-2012,3,145,193,459,205,26,145,2,3,8,7,2,0,0,0,0,0,0,3,11,1
2495,1974,Master,Married,83891.0,0,1,20-06-2014,24,217,38,350,111,85,15,1,4,7,10,1,0,0,0,0,0,0,3,11,0
9955,1954,Graduation,Together,39898.0,0,1,12-02-2013,20,69,8,26,12,7,12,2,3,0,4,7,0,0,0,0,0,0,3,11,0
3434,1951,Graduation,Single,80872.0,0,0,12-05-2014,60,483,72,567,94,12,108,1,4,4,10,1,0,0,0,0,0,0,3,11,0
2109,1990,Graduation,Single,96843.0,0,0,23-04-2013,60,448,71,951,40,17,17,1,6,11,10,2,0,0,1,0,0,0,3,11,1
3009,1962,PhD,Widow,71670.0,0,0,09-07-2013,8,1462,16,128,0,0,160,1,5,3,6,6,0,1,1,0,1,0,3,11,1
3517,1952,Graduation,Single,40887.0,1,1,06-05-2013,32,50,4,44,10,10,43,3,3,1,3,9,0,0,0,0,0,0,3,11,1
1158,1966,Graduation,Divorced,48877.0,0,1,05-01-2014,27,102,1,15,2,0,24,1,3,0,4,7,0,0,0,0,0,0,3,11,0
7165,1972,Graduation,Together,64474.0,0,1,22-10-2013,59,381,35,172,56,86,93,2,8,2,10,5,0,0,0,0,0,0,3,11,0
8537,1949,Graduation,Widow,72643.0,0,0,27-02-2013,60,526,80,553,123,94,53,1,3,10,7,2,0,0,0,1,0,0,3,11,1
6281,1966,Graduation,Divorced,55686.0,0,1,14-02-2013,27,673,0,199,37,47,26,2,6,3,5,4,1,0,0,0,0,0,3,11,0
2452,1971,Graduation,Together,34600.0,1,1,01-01-2013,8,199,33,60,8,3,15,5,5,2,5,8,0,0,0,0,0,0,3,11,1
10913,1984,Master,Single,31385.0,1,0,05-12-2012,56,3,2,12,0,1,9,1,1,0,2,8,1,0,0,0,0,0,3,11,1
3032,1984,Graduation,Married,24570.0,1,0,27-02-2013,97,28,34,62,11,14,44,3,4,0,4,9,0,0,0,0,0,0,3,11,0
3334,1951,Graduation,Married,94642.0,0,0,12-02-2014,35,879,143,797,106,143,143,0,5,7,9,1,0,0,1,1,0,0,3,11,0
8619,1957,Graduation,Together,21994.0,0,1,24-12-2012,4,9,0,6,3,1,3,1,0,0,3,5,0,0,0,0,0,0,3,11,0
10164,1958,Graduation,Single,94472.0,0,1,03-04-2014,75,1017,33,417,108,100,16,1,5,5,5,5,0,1,1,0,0,0,3,11,0
9923,1972,Master,Single,46423.0,1,1,18-09-2013,6,68,0,16,0,0,8,3,2,0,4,7,0,0,0,0,0,0,3,11,0
2002,1958,Graduation,Divorced,71964.0,0,0,20-05-2013,81,587,51,932,180,34,86,1,5,6,5,3,0,0,0,0,0,0,3,11,0
9423,1979,Master,Married,32765.0,1,0,23-02-2014,49,13,3,17,7,3,3,2,2,0,4,5,0,0,0,0,0,0,3,11,0
4198,1965,Graduation,Together,29672.0,1,1,12-03-2013,6,9,1,3,0,4,8,1,0,0,3,6,0,0,0,0,0,0,3,11,0
153,1953,Graduation,Divorced,23272.0,0,0,17-10-2013,29,19,3,6,4,2,12,1,1,0,3,4,0,0,0,0,0,0,3,11,0
9323,1949,Master,Together,49912.0,0,1,07-09-2012,5,520,8,223,32,49,42,4,10,5,7,8,1,0,0,0,0,0,3,11,1
3945,1947,PhD,Widow,68117.0,0,1,10-03-2013,80,618,44,215,0,17,36,2,11,8,4,6,1,0,0,0,0,0,3,11,1
3491,1975,Graduation,Together,55914.0,0,1,29-04-2013,32,384,60,364,119,101,232,4,11,6,8,7,0,0,0,0,0,0,3,11,0
4786,1977,Graduation,Married,75330.0,1,1,04-10-2012,94,555,82,257,93,61,61,4,10,3,12,6,0,0,0,0,0,0,3,11,0
5872,1951,Graduation,Single,60689.0,0,1,01-06-2013,23,240,90,216,63,6,24,4,4,4,10,3,0,0,0,0,0,0,3,11,0
5631,1991,Graduation,Single,49767.0,0,0,02-05-2013,92,202,47,197,55,42,149,1,5,4,8,4,0,0,0,0,0,0,3,11,0
4268,1959,Graduation,Married,53154.0,0,1,09-06-2014,50,129,0,21,0,1,7,1,3,1,4,4,0,0,0,0,0,0,3,11,0
6382,1953,Graduation,Together,48794.0,1,1,26-06-2014,97,25,0,11,3,0,15,1,1,0,3,4,0,0,0,0,0,0,3,11,0
8775,1969,Graduation,Together,38361.0,1,0,27-12-2013,74,39,0,56,20,8,14,3,3,1,3,7,0,0,0,0,0,0,3,11,0
1612,1981,PhD,Single,,1,0,31-05-2013,82,23,0,15,0,2,7,2,3,0,3,6,0,0,0,0,0,0,3,11,0
6103,1948,Graduation,Married,42192.0,0,0,06-09-2013,40,40,15,15,17,6,7,1,2,1,3,4,0,0,0,0,0,0,3,11,0
1655,1979,Graduation,Together,34350.0,1,0,19-10-2013,81,16,3,15,2,1,11,1,1,0,3,7,0,0,0,0,0,0,3,11,0
2712,1956,Graduation,Married,71866.0,0,1,25-12-2013,85,184,178,178,103,39,33,1,6,3,10,3,0,0,0,0,0,0,3,11,0
5517,1969,Graduation,Married,25293.0,1,0,15-09-2013,51,15,0,11,0,2,9,1,1,1,2,8,0,0,0,0,0,0,3,11,0
10339,1954,Master,Together,,0,1,23-06-2013,83,161,0,22,0,0,24,2,4,1,4,6,0,0,0,0,0,0,3,11,0
2686,1969,Basic,Together,22390.0,0,0,21-10-2013,49,0,1,4,15,1,5,1,1,0,2,7,0,0,0,0,0,0,3,11,0
7734,1993,Graduation,Absurd,79244.0,0,0,19-12-2012,58,471,102,125,212,61,245,1,4,10,7,1,0,0,1,1,0,0,3,11,1
11031,1950,PhD,Married,48699.0,1,1,21-05-2013,90,26,1,10,2,0,1,1,1,0,3,5,0,0,0,0,0,0,3,11,0
975,1956,Graduation,Single,54252.0,1,1,28-05-2013,25,178,4,26,8,4,44,5,4,1,5,6,0,0,0,0,0,0,3,11,0
5802,1972,Basic,Married,14188.0,0,0,28-02-2013,40,2,7,11,16,12,27,1,2,0,4,6,0,0,0,0,0,0,3,11,0
5991,1949,Master,Married,48150.0,0,1,08-06-2013,24,173,2,39,3,2,47,3,5,1,4,7,0,0,0,0,0,0,3,11,0
1008,1981,PhD,Together,44953.0,0,0,21-12-2012,31,728,17,133,11,8,124,1,7,3,13,6,1,0,0,0,0,0,3,11,0
11091,1953,Graduation,Together,34587.0,1,1,16-05-2014,68,7,2,9,2,0,2,2,1,0,3,4,0,0,0,0,0,0,3,11,0
6262,1962,Master,Single,72217.0,0,0,10-04-2013,93,816,42,450,55,56,154,1,3,10,8,2,0,0,0,0,0,0,3,11,0
7532,1980,Graduation,Married,43586.0,0,1,30-08-2012,26,99,2,11,4,0,16,3,3,0,4,8,0,0,0,0,0,0,3,11,0
4915,1956,2n Cycle,Married,53230.0,0,1,03-08-2012,86,176,72,98,136,21,229,4,5,2,12,5,0,0,0,0,0,0,3,11,0
2088,1972,Graduation,Together,84906.0,0,0,04-10-2013,98,997,15,414,99,30,76,1,5,6,12,2,0,1,1,0,1,0,3,11,0
1631,1965,PhD,Together,65220.0,0,0,03-09-2012,3,890,63,292,0,25,12,4,8,4,7,6,0,0,0,0,0,0,3,11,1
3919,1976,Master,Single,72309.0,0,0,11-03-2013,64,960,0,883,50,38,0,1,5,6,8,3,0,0,0,1,0,0,3,11,1
11181,1949,PhD,Married,156924.0,0,0,29-08-2013,85,2,1,2,1,1,1,0,0,0,0,0,0,0,0,0,0,0,3,11,0
2948,1954,Master,Divorced,62637.0,0,1,01-03-2014,76,104,12,48,4,12,5,1,2,2,5,2,0,0,0,0,0,0,3,11,0
10609,1962,PhD,Married,42769.0,0,1,12-10-2013,15,71,0,13,3,1,0,2,1,1,4,4,0,0,0,0,0,0,3,11,0
7233,1972,Graduation,Married,69209.0,0,0,17-09-2012,4,496,32,849,229,48,128,2,5,3,6,4,0,0,0,1,0,0,3,11,0
9481,1976,Graduation,Married,17148.0,1,0,28-01-2014,80,9,9,11,13,10,16,4,3,1,3,8,0,0,0,0,0,0,3,11,0
2711,1976,Master,Together,30560.0,1,0,27-06-2013,6,9,1,5,4,5,7,1,1,0,3,7,0,0,0,0,0,0,3,11,0
8933,1983,2n Cycle,Married,32146.0,1,0,12-05-2014,16,26,3,23,4,7,3,2,2,0,4,6,0,0,0,0,0,0,3,11,0
5186,1955,PhD,Married,58482.0,0,1,12-03-2014,59,576,7,115,19,7,7,2,7,4,9,6,0,1,0,0,0,0,3,11,0
902,1980,Graduation,Together,62994.0,1,0,04-03-2014,74,224,12,48,4,12,12,1,6,2,4,6,0,0,0,0,0,0,3,11,0
7600,1992,Basic,Single,15253.0,1,0,28-10-2013,13,1,3,3,8,1,13,2,1,0,3,7,0,0,0,0,0,0,3,11,0
3520,1990,Master,Single,91172.0,0,0,27-03-2013,94,162,28,818,0,28,56,0,4,3,7,3,1,0,1,1,1,0,3,11,1
4548,1981,Graduation,Single,41967.0,1,1,23-11-2013,66,23,4,10,0,2,15,1,1,0,3,4,0,0,0,0,0,0,3,11,0
4084,1975,Graduation,Together,60934.0,0,1,17-01-2014,41,224,155,155,192,93,54,2,6,4,11,4,0,0,0,0,0,0,3,11,0
4541,1955,Graduation,Together,38946.0,0,1,24-10-2013,84,116,6,82,6,6,41,2,3,1,6,5,0,0,0,0,0,0,3,11,0
1321,1974,Graduation,Married,26067.0,1,0,04-11-2013,49,22,2,18,0,2,12,3,3,0,3,8,0,0,0,0,0,0,3,11,0
1646,1972,Basic,Married,25224.0,1,0,16-03-2014,36,4,9,12,11,2,8,2,1,1,3,3,0,0,0,0,0,0,3,11,0
2656,1971,Graduation,Divorced,40851.0,1,1,21-02-2013,63,23,1,7,0,4,24,1,1,1,2,7,0,0,0,0,0,0,3,11,0
7990,1947,Graduation,Married,27469.0,0,0,02-08-2012,2,9,1,2,3,2,0,1,0,0,3,6,0,0,0,0,0,0,3,11,0
2980,1952,Master,Single,8820.0,1,1,22-03-2013,52,12,0,13,4,2,4,4,3,0,3,8,0,0,0,0,0,0,3,11,0
7620,1990,Basic,Single,16185.0,1,0,05-08-2013,71,5,11,16,21,8,45,2,2,2,2,8,0,0,0,0,0,0,3,11,0
11133,1973,PhD,YOLO,48432.0,0,1,18-10-2012,3,322,3,50,4,3,42,5,7,1,6,8,0,0,0,0,0,0,3,11,1
2736,1978,Graduation,Married,73807.0,0,1,02-01-2013,88,366,124,156,71,78,54,2,5,5,11,2,0,0,0,0,0,0,3,11,0
4333,1954,Graduation,Together,32144.0,1,1,23-03-2014,76,41,0,10,0,0,3,4,2,1,3,7,0,1,0,0,0,0,3,11,0
607,1955,2n Cycle,Divorced,41769.0,0,1,13-02-2013,31,302,29,131,32,0,27,6,8,1,7,8,0,0,0,0,0,0,3,11,0
9589,1948,PhD,Widow,82032.0,0,0,05-04-2014,54,332,194,377,149,125,57,0,4,6,7,1,0,0,0,0,0,0,3,11,0
4838,1978,Graduation,Together,22775.0,1,0,19-06-2013,40,5,1,8,0,0,1,1,1,0,2,8,0,0,0,0,0,0,3,11,0
6261,1979,Graduation,Married,58025.0,0,1,26-11-2013,81,270,31,88,11,48,22,3,3,2,10,4,0,0,0,0,0,0,3,11,0
7366,1982,Master,Single,75777.0,0,0,04-07-2013,12,712,26,538,69,13,80,1,3,6,11,1,0,1,1,0,0,0,3,11,1
1448,1963,Master,Married,33562.0,1,2,25-06-2014,33,21,12,12,0,3,3,3,2,0,4,4,0,0,0,0,0,0,3,11,0
4286,1970,PhD,Single,57642.0,0,1,09-01-2014,24,580,6,58,8,0,27,3,7,6,6,4,1,0,0,0,0,0,3,11,0
4478,1979,Graduation,Married,63777.0,1,1,24-03-2013,87,457,5,106,15,17,53,8,11,1,6,8,0,0,0,0,0,0,3,11,0
4201,1962,Graduation,Single,57967.0,0,1,03-03-2013,39,229,7,137,4,0,91,5,4,2,8,5,0,0,0,0,0,0,3,11,0
10084,1972,Graduation,Married,24434.0,2,0,18-05-2014,9,3,2,8,20,0,17,2,2,1,2,7,0,0,0,0,0,0,3,11,0
8080,1986,Graduation,Single,26816.0,0,0,17-08-2012,50,5,1,6,3,4,3,1,0,0,3,4,0,0,0,0,0,0,3,11,0
8372,1974,Graduation,Married,34421.0,1,0,01-07-2013,81,3,3,7,6,2,9,1,1,0,2,7,0,0,0,0,0,0,3,11,0
4001,1946,PhD,Together,64014.0,2,1,10-06-2014,56,406,0,30,0,0,8,7,8,2,5,7,0,0,0,1,0,0,3,11,0
9405,1954,PhD,Married,52869.0,1,1,15-10-2012,40,84,3,61,2,1,21,3,3,1,4,7,0,0,0,0,0,0,3,11,1
